bf9da1db7526fa5e13d719fd0a3b5c6f,baf7c30d7bcaa7de0a1482f073c68038
bf9da1db7526fa5e13d719fd0a3b5c6f,b3753816043b1b219776f9e191ef8f79
bf9da1db7526fa5e13d719fd0a3b5c6f,6a1dd7c08393b845f15971afc64cbd35
bf9da1db7526fa5e13d719fd0a3b5c6f,035484f14b92339c68895a28ce115bb0
bf9da1db7526fa5e13d719fd0a3b5c6f,59624aeeda17fa1230ba956ec6acb194
bf9da1db7526fa5e13d719fd0a3b5c6f,aef7dcb7d7c036bdd243779f855e1801
bf9da1db7526fa5e13d719fd0a3b5c6f,a6ea6e8a1740e32d34eef50fb991fa5e
bf9da1db7526fa5e13d719fd0a3b5c6f,eed490ddc1e0ccf483235fd3e2f3892b
bf9da1db7526fa5e13d719fd0a3b5c6f,7a95a90f0bc228e0822d4ac659eefb8e
bf9da1db7526fa5e13d719fd0a3b5c6f,5acddb4422fbcaf7f3a44993ea782340
bf9da1db7526fa5e13d719fd0a3b5c6f,d0814f71e94b87368f3752ca475fc28f
bf9da1db7526fa5e13d719fd0a3b5c6f,356870e83bdb5c056a7cd2e2b9b40f9a
bf9da1db7526fa5e13d719fd0a3b5c6f,85ef413122d51be234ef4ce4b94ba430
bf9da1db7526fa5e13d719fd0a3b5c6f,e6ffc3aad3aa11ef4382174bffd49c8d
bf9da1db7526fa5e13d719fd0a3b5c6f,50cd95680d8f4c00d5235dd1b57c4eff
bf9da1db7526fa5e13d719fd0a3b5c6f,b52d159e3f6d4fa970256adf6ac7c34f
bf9da1db7526fa5e13d719fd0a3b5c6f,f5fe494e25c4ca115c0058e06ffe6df8
bf9da1db7526fa5e13d719fd0a3b5c6f,6b7589baaa8a3fea0fcdf77988e55590
bf9da1db7526fa5e13d719fd0a3b5c6f,36deb5e58c8b66847f696a7bfa62c072
bf9da1db7526fa5e13d719fd0a3b5c6f,c1cb644b0551e78fc22845801703e47f
bf9da1db7526fa5e13d719fd0a3b5c6f,838598b0b2bbc4ea43122bd45086b1d7
bf9da1db7526fa5e13d719fd0a3b5c6f,3fd61d48877df6096b38a85e6324f8f4
bf9da1db7526fa5e13d719fd0a3b5c6f,83b5033e47d72b1b4340d2d16be4bb02
bf9da1db7526fa5e13d719fd0a3b5c6f,dfa9557676960790112aa1330cecc26e
bf9da1db7526fa5e13d719fd0a3b5c6f,66a67ed8655b92f9eaf741deade29dfe
bf9da1db7526fa5e13d719fd0a3b5c6f,516c4ec907083d2142b6bad573504763
bf9da1db7526fa5e13d719fd0a3b5c6f,ddb38c4454ce4fb123c08b2e4a34a880
bf9da1db7526fa5e13d719fd0a3b5c6f,f42172f46bc9b7df9b7c51644d6ee2fc
bf9da1db7526fa5e13d719fd0a3b5c6f,16fa09e8adcc6e6015d1370e56b59237
bf9da1db7526fa5e13d719fd0a3b5c6f,bdb17b6534496c8fa9bb7f57bf1229d5
bf9da1db7526fa5e13d719fd0a3b5c6f,b2dbe411087f73cfec30444ed97dc5dc
bf9da1db7526fa5e13d719fd0a3b5c6f,a3fef6c46fd0b1a1457e901d7491cca9
bf9da1db7526fa5e13d719fd0a3b5c6f,cd2b0dd5e03751254ab89c3a101904fb
bf9da1db7526fa5e13d719fd0a3b5c6f,402cff7e84fc70c8e84ea62a11752435
bf9da1db7526fa5e13d719fd0a3b5c6f,1f49a0f0099150952dd3d61de15fd616
bf9da1db7526fa5e13d719fd0a3b5c6f,d6e351e9b175e4a1ad3ad3ced0e25a2f
bf9da1db7526fa5e13d719fd0a3b5c6f,b1901a7087bbe8441c37e7ac01f65202
bf9da1db7526fa5e13d719fd0a3b5c6f,19672ec3fdcafca726d56a6131fd6d17
bf9da1db7526fa5e13d719fd0a3b5c6f,8e47bda8e960185d1118b80ae3aa88f4
bf9da1db7526fa5e13d719fd0a3b5c6f,a9121868037cf2f989f42e704ecfcda5
bf9da1db7526fa5e13d719fd0a3b5c6f,f8a5df30cf3e752dbfc064609b211c82
bf9da1db7526fa5e13d719fd0a3b5c6f,95fb743fdc6488d6790f3ee3d0d6748d
bf9da1db7526fa5e13d719fd0a3b5c6f,dabd8a6247487eeb63e3ea3c03885916
bf9da1db7526fa5e13d719fd0a3b5c6f,86321c971f8f39af087712bcf66f76f9
bf9da1db7526fa5e13d719fd0a3b5c6f,75bfb2f33e9468d95a3376125de9e700
bf9da1db7526fa5e13d719fd0a3b5c6f,85f8726bc9f119024b47cddec69c9706
bf9da1db7526fa5e13d719fd0a3b5c6f,8807375409540fe966f1674c27d9a959
bf9da1db7526fa5e13d719fd0a3b5c6f,de1b055609d6c8aecae0b725f2249dba
bf9da1db7526fa5e13d719fd0a3b5c6f,ef5dc329add7feab4bf476f42abcfef3
bf9da1db7526fa5e13d719fd0a3b5c6f,e17dc332dcd15e02b4d21e9ae3081565
bf9da1db7526fa5e13d719fd0a3b5c6f,ccd1ce70e34c104e46794bdda63b9a3a
bf9da1db7526fa5e13d719fd0a3b5c6f,143837deb8c52d273a602dcc5272afc0
bf9da1db7526fa5e13d719fd0a3b5c6f,d7621f5426825d9d72069d406d3db5f0
bf9da1db7526fa5e13d719fd0a3b5c6f,ea4800fb403f78ba839b138ff1dbcabd
bf9da1db7526fa5e13d719fd0a3b5c6f,fd6e953b37a51cc3724b1ba2779b7647
bf9da1db7526fa5e13d719fd0a3b5c6f,f82e292054c19f917556ffd5336a1b8f
bf9da1db7526fa5e13d719fd0a3b5c6f,c6ff23489c0e0126180b4aca4f8156ab
bf9da1db7526fa5e13d719fd0a3b5c6f,f74582e6fe2b2a937d2290a402440e36
bf9da1db7526fa5e13d719fd0a3b5c6f,77f19903a52669a2847c013343eb87f1
bf9da1db7526fa5e13d719fd0a3b5c6f,6fa7aa5956787ec95f51b3ae216c749f
bf9da1db7526fa5e13d719fd0a3b5c6f,a38f64616da8bba95128025d9ea950c7
bf9da1db7526fa5e13d719fd0a3b5c6f,d97fae169e763bd3ae00e439e764e81a
bf9da1db7526fa5e13d719fd0a3b5c6f,f733069490cc55f7c4c6b37bd3de5055
bf9da1db7526fa5e13d719fd0a3b5c6f,ff4b3348c1282b02b33a764821259a81
bf9da1db7526fa5e13d719fd0a3b5c6f,6320ed1ad539a71f05b99ef6653f7d0d
bf9da1db7526fa5e13d719fd0a3b5c6f,ff8f37e965683b1bae07a9674416ddf8
bf9da1db7526fa5e13d719fd0a3b5c6f,da03b1c3108e22d983c2fba58de4212a
bf9da1db7526fa5e13d719fd0a3b5c6f,f9c20d575353caecdb83aabd315b0fe5
bf9da1db7526fa5e13d719fd0a3b5c6f,ab27b35b19960056fc53e1ee1513b7f4
bf9da1db7526fa5e13d719fd0a3b5c6f,8e944d9626c51338d4f977ce08a1d4ce
bf9da1db7526fa5e13d719fd0a3b5c6f,35f37d5eb96d0ee13c4d022af1cd4bd3
bf9da1db7526fa5e13d719fd0a3b5c6f,0b8344ab5f869c6930357cf94ffea933
bf9da1db7526fa5e13d719fd0a3b5c6f,dd07bd513287206756487620aa627f9d
bf9da1db7526fa5e13d719fd0a3b5c6f,8b606b432858102671da97ca2c6b6a54
bf9da1db7526fa5e13d719fd0a3b5c6f,1833fe37d84e2a629f47abab961eea8d
bf9da1db7526fa5e13d719fd0a3b5c6f,118019e67c418f7a27c1819b289eeeca
bf9da1db7526fa5e13d719fd0a3b5c6f,c74243f128a90a52d5c348d9bdfeb1e8
bf9da1db7526fa5e13d719fd0a3b5c6f,91e276e80ba32e7e1bd0c9908e80f6ae
bf9da1db7526fa5e13d719fd0a3b5c6f,b37d98a231541c8841575cab49bd32d8
bf9da1db7526fa5e13d719fd0a3b5c6f,1f0ed55e61d6624a0cf331e22b44e168
bf9da1db7526fa5e13d719fd0a3b5c6f,6acc0e1c7345617e4cb107dc96bfd919
bf9da1db7526fa5e13d719fd0a3b5c6f,9d4bb9b14240d428d3b1fab08ffc1ea8
bf9da1db7526fa5e13d719fd0a3b5c6f,d1bf593365c9020223b65f4a2519546e
bf9da1db7526fa5e13d719fd0a3b5c6f,65e110858cf35fa45bcce149f26417af
bf9da1db7526fa5e13d719fd0a3b5c6f,521b6751d65730a3ef9b0475ecb0a802
bf9da1db7526fa5e13d719fd0a3b5c6f,05b12e47a74ee9caafcb518376af91a8
bf9da1db7526fa5e13d719fd0a3b5c6f,4c03b88d5121b6cb446bbd14200c3722
bf9da1db7526fa5e13d719fd0a3b5c6f,631b77c75570eea7ac61424235675cf3
bf9da1db7526fa5e13d719fd0a3b5c6f,6160383ab3193d421ec9310970f4b424
bf9da1db7526fa5e13d719fd0a3b5c6f,85dc7a3e6a161f4200ed4d16c464e9d1
bf9da1db7526fa5e13d719fd0a3b5c6f,19f5e0d38bf1e10b1ff130be4d54c87d
bf9da1db7526fa5e13d719fd0a3b5c6f,9048a7bb7d255de46d9bcaacea5aed91
bf9da1db7526fa5e13d719fd0a3b5c6f,360c1c1bef31d20bdc097282c7ee6506
bf9da1db7526fa5e13d719fd0a3b5c6f,dc2f6faf78a8f28c3c898f66467eeb50
bf9da1db7526fa5e13d719fd0a3b5c6f,c27692934ff6672307c541c723b4b12c
bf9da1db7526fa5e13d719fd0a3b5c6f,52b2b0e25aaaebbe60169a726ec9b18c
bf9da1db7526fa5e13d719fd0a3b5c6f,4733945983a98492c52e77f1d37f141f
bf9da1db7526fa5e13d719fd0a3b5c6f,121b11a886de9f98cfb9c14db96bb368
bf9da1db7526fa5e13d719fd0a3b5c6f,6f13f99b35ac294a08c7f7d461bece91
bf9da1db7526fa5e13d719fd0a3b5c6f,47a84a3b48f6ec045b7127b67c460c06
bf9da1db7526fa5e13d719fd0a3b5c6f,4410582a99a94b633f720ae23e63b7b1
bf9da1db7526fa5e13d719fd0a3b5c6f,d1c7fec78e30b28fe4e245fa5aa33397
bf9da1db7526fa5e13d719fd0a3b5c6f,bdd2ce98ab1ab84110c36de330ef634b
bf9da1db7526fa5e13d719fd0a3b5c6f,48b4e5d5e5098e25b7d1351a9e4e31ce
bf9da1db7526fa5e13d719fd0a3b5c6f,de7570a7e6d1db2b1c33399a352df9bc
bf9da1db7526fa5e13d719fd0a3b5c6f,88a7cfed118c6fa7fc51b327ef918bd8
bf9da1db7526fa5e13d719fd0a3b5c6f,7026f7d3311f42c0ab07987859f0d3fc
bf9da1db7526fa5e13d719fd0a3b5c6f,13a1c2ef04e794c7553cc11f4ddd520d
bf9da1db7526fa5e13d719fd0a3b5c6f,44a66d8b56af35ad212e121d01d08c3d
bf9da1db7526fa5e13d719fd0a3b5c6f,43c34bc019571111bc647657e5ced7bb
bf9da1db7526fa5e13d719fd0a3b5c6f,ace4bf624a7956c024c1e72e73117c72
bf9da1db7526fa5e13d719fd0a3b5c6f,be7db9c69dfe9707d82293271ebde1bd
bf9da1db7526fa5e13d719fd0a3b5c6f,db59a3abb5433d8cd70e12831ea68ca2
bf9da1db7526fa5e13d719fd0a3b5c6f,7da5f7860e7ae923408302ce6107b4a8
bf9da1db7526fa5e13d719fd0a3b5c6f,6532000a9234e73fbcea8e334335475b
bf9da1db7526fa5e13d719fd0a3b5c6f,46d28fd1e01b2a53250c571bfb4238ae
bf9da1db7526fa5e13d719fd0a3b5c6f,9e9587dda3d5ef766756b7cfaa5aec10
bf9da1db7526fa5e13d719fd0a3b5c6f,f54a1182da49c6a4ef41adfee18a47eb
bf9da1db7526fa5e13d719fd0a3b5c6f,93f4ad61dd66df858367779d0119c313
bf9da1db7526fa5e13d719fd0a3b5c6f,fb7d1fdc3dfae01640a920140ea1c99c
bf9da1db7526fa5e13d719fd0a3b5c6f,b86620292038315f81fcf11668af485b
bf9da1db7526fa5e13d719fd0a3b5c6f,eb7f6789399039f26e8ef64ef44c085d
bf9da1db7526fa5e13d719fd0a3b5c6f,41a94af518202338e78bacd58176c398
bf9da1db7526fa5e13d719fd0a3b5c6f,d64b626aa6c0f67d3239afa278788b65
bf9da1db7526fa5e13d719fd0a3b5c6f,a14387d908c96a14ffa4538802ef9e11
bf9da1db7526fa5e13d719fd0a3b5c6f,7e59a09ecaaabb4a7b601494a7660f42
bf9da1db7526fa5e13d719fd0a3b5c6f,005d664f1beee826ebd68f44531f15d1
bf9da1db7526fa5e13d719fd0a3b5c6f,eb1002603a8ca96b96127c9a1644d286
bf9da1db7526fa5e13d719fd0a3b5c6f,2eedd9278351929de28551de778b2d89
bf9da1db7526fa5e13d719fd0a3b5c6f,339ffe8e8777baefbfadc0e1ebc1fdb6
bf9da1db7526fa5e13d719fd0a3b5c6f,ef0f1155a59e37e29cc14f42ce7e61a2
bf9da1db7526fa5e13d719fd0a3b5c6f,d8251922ed407fb77b96c58056b8b62d
bf9da1db7526fa5e13d719fd0a3b5c6f,5114da651b79a7b59f9fc90c345d2310
bf9da1db7526fa5e13d719fd0a3b5c6f,d662cac29640b3d03910c857e1b1daad
bf9da1db7526fa5e13d719fd0a3b5c6f,af4c1e05195d0b3a7c40cd8ba91a63ce
bf9da1db7526fa5e13d719fd0a3b5c6f,08fbd6986c5ed5e61991fa67b353bef0
bf9da1db7526fa5e13d719fd0a3b5c6f,eaf9fc81e839f6f026de1bffedb7936a
bf9da1db7526fa5e13d719fd0a3b5c6f,9874cfc0e055e5457e008e28e5adf96f
bf9da1db7526fa5e13d719fd0a3b5c6f,d8621b4d0f3d1fe1d82b293083e1ba09
bf9da1db7526fa5e13d719fd0a3b5c6f,95a234b085734c3533e56e1e60b495b2
bf9da1db7526fa5e13d719fd0a3b5c6f,5ec6029fcbd2217b410aacf55fbcd4a4
bf9da1db7526fa5e13d719fd0a3b5c6f,ba723a3ee4f4d88639cb88700b4ee69e
bf9da1db7526fa5e13d719fd0a3b5c6f,4ca6c8c3d448cf869e17516d4c4649e6
bf9da1db7526fa5e13d719fd0a3b5c6f,ffca94790903b17e33354a52a6344c8d
bf9da1db7526fa5e13d719fd0a3b5c6f,d52281afde4e4373b808b8d7e57c4f4f
bf9da1db7526fa5e13d719fd0a3b5c6f,94d143795247d734e8ba130a79f4b3a0
bf9da1db7526fa5e13d719fd0a3b5c6f,c39d937a9cc6e8a5cdbfdbc1aa89df4b
bf9da1db7526fa5e13d719fd0a3b5c6f,a583bee71271f990ec3c663e9f8ea301
bf9da1db7526fa5e13d719fd0a3b5c6f,6de4fdda1cf594d452e5cdd72e9cc833
bf9da1db7526fa5e13d719fd0a3b5c6f,c531cdea3a838ae0bdb88ab26e850efd
bf9da1db7526fa5e13d719fd0a3b5c6f,942559bc2dad0276a92d80c77d2c03f9
bf9da1db7526fa5e13d719fd0a3b5c6f,baccdddcfa6ee52487319546fc2bd291
bf9da1db7526fa5e13d719fd0a3b5c6f,6d2ba1e65467d87f9ebdd57d19678b53
bf9da1db7526fa5e13d719fd0a3b5c6f,fc1b81658a85859aa160e5528d9f9984
bf9da1db7526fa5e13d719fd0a3b5c6f,6b77456f58502c1b52d5a752cfae4477
bf9da1db7526fa5e13d719fd0a3b5c6f,31be86322ecac384c86d8a21d369dcdf
bf9da1db7526fa5e13d719fd0a3b5c6f,e1d68a67413cbaa3fe034d46dc60722f
bf9da1db7526fa5e13d719fd0a3b5c6f,b6f8e7e7c908b1ac73f1d998bd1e9541
bf9da1db7526fa5e13d719fd0a3b5c6f,f7d6f32abd3bba7ed71b2bc0a242e5f1
bf9da1db7526fa5e13d719fd0a3b5c6f,014ffa74ffa4b8e5f330d5f7d5110359
bf9da1db7526fa5e13d719fd0a3b5c6f,9ec4b371424e277a1da53132b369fa84
bf9da1db7526fa5e13d719fd0a3b5c6f,789b13fe920331aa04f1327dd1813f2a
bf9da1db7526fa5e13d719fd0a3b5c6f,5c67a533030235009bfd1997275c770e
bf9da1db7526fa5e13d719fd0a3b5c6f,7b04683dee927fad082e577321b52aa2
bf9da1db7526fa5e13d719fd0a3b5c6f,c40b29d365a11a5ca863d837868f3f63
bf9da1db7526fa5e13d719fd0a3b5c6f,f40328ffed910c0036e5ed7c6288d30a
bf9da1db7526fa5e13d719fd0a3b5c6f,9e63b94018cefd581fb1722322287bae
bf9da1db7526fa5e13d719fd0a3b5c6f,041e5704e97f7a584625d8adfb5da81d
bf9da1db7526fa5e13d719fd0a3b5c6f,343a99d8a4df82cd25b0b29164c9955d
bf9da1db7526fa5e13d719fd0a3b5c6f,458809834d2309f0658c2518986b766a
bf9da1db7526fa5e13d719fd0a3b5c6f,d11f40445eed3ad2157b8fe424a40eda
bf9da1db7526fa5e13d719fd0a3b5c6f,530c64e762585bf2a5687f2a09c39e69
bf9da1db7526fa5e13d719fd0a3b5c6f,58024cfe2c34fe73790f7d637d8bfea2
bf9da1db7526fa5e13d719fd0a3b5c6f,ded7f78f73783cd7bee833ba5f2b12ac
bf9da1db7526fa5e13d719fd0a3b5c6f,ad70c3b0f226c0329f9e358dd9960301
bf9da1db7526fa5e13d719fd0a3b5c6f,0e1f319adc5cb61108fb7169bc333e09
bf9da1db7526fa5e13d719fd0a3b5c6f,6e1cbf34d1915336f5e5f8195952c9ac
bf9da1db7526fa5e13d719fd0a3b5c6f,55ebcbe731c414af2a4bd8cce1e026c9
bf9da1db7526fa5e13d719fd0a3b5c6f,0c10599f62c93e4d80721e69e43c2b70
bf9da1db7526fa5e13d719fd0a3b5c6f,25cc76e41f643548a37a7c6c833e9662
bf9da1db7526fa5e13d719fd0a3b5c6f,dad8f5e4f8a50c171be7b3ae7bf3935c
bf9da1db7526fa5e13d719fd0a3b5c6f,155b7ed16a82ee6decc6513ab02b32c4
bf9da1db7526fa5e13d719fd0a3b5c6f,4d6e2d875e244e44a22471d1551b3ca7
bf9da1db7526fa5e13d719fd0a3b5c6f,9cf537c025e9436f838f727a0806a226
bf9da1db7526fa5e13d719fd0a3b5c6f,62096ec364012e718657448f6f38c4d4
bf9da1db7526fa5e13d719fd0a3b5c6f,e855e12ae18ced3b38f544d34fcc3608
bf9da1db7526fa5e13d719fd0a3b5c6f,65917c991878f98c74b231c007eaab6d
bf9da1db7526fa5e13d719fd0a3b5c6f,758704cad9f2a5af0cdce95342a589e1
bf9da1db7526fa5e13d719fd0a3b5c6f,a56f0f6c3bb63588fd30743a5051a4c4
bf9da1db7526fa5e13d719fd0a3b5c6f,426ba3112abc3c4c1801e9371ae50395
bf9da1db7526fa5e13d719fd0a3b5c6f,26ccb4b30e97c07b9e6d62f4dde3aaf7
bf9da1db7526fa5e13d719fd0a3b5c6f,542b58ff3bad4f57ca8b1cdd9f8bea1f
bf9da1db7526fa5e13d719fd0a3b5c6f,199b2556798d45e4881be8c93a437bc6
bf9da1db7526fa5e13d719fd0a3b5c6f,b2a494050a48588d211e36cf1a9ae58d
bf9da1db7526fa5e13d719fd0a3b5c6f,c995cd1dc63bc8f078917a82a92c663c
bf9da1db7526fa5e13d719fd0a3b5c6f,e2d1086f8da17ffeeead20d26ac7b4cc
bf9da1db7526fa5e13d719fd0a3b5c6f,e4b63e10156743d224c17879216ba51b
baf7c30d7bcaa7de0a1482f073c68038,c39d937a9cc6e8a5cdbfdbc1aa89df4b
baf7c30d7bcaa7de0a1482f073c68038,7a95a90f0bc228e0822d4ac659eefb8e
baf7c30d7bcaa7de0a1482f073c68038,dabd8a6247487eeb63e3ea3c03885916
b3753816043b1b219776f9e191ef8f79,035484f14b92339c68895a28ce115bb0
b3753816043b1b219776f9e191ef8f79,59624aeeda17fa1230ba956ec6acb194
b3753816043b1b219776f9e191ef8f79,47a84a3b48f6ec045b7127b67c460c06
b3753816043b1b219776f9e191ef8f79,d1c7fec78e30b28fe4e245fa5aa33397
b3753816043b1b219776f9e191ef8f79,bdd2ce98ab1ab84110c36de330ef634b
b3753816043b1b219776f9e191ef8f79,5acddb4422fbcaf7f3a44993ea782340
b3753816043b1b219776f9e191ef8f79,d0814f71e94b87368f3752ca475fc28f
b3753816043b1b219776f9e191ef8f79,44a66d8b56af35ad212e121d01d08c3d
b3753816043b1b219776f9e191ef8f79,46d28fd1e01b2a53250c571bfb4238ae
b3753816043b1b219776f9e191ef8f79,f5fe494e25c4ca115c0058e06ffe6df8
b3753816043b1b219776f9e191ef8f79,f54a1182da49c6a4ef41adfee18a47eb
b3753816043b1b219776f9e191ef8f79,36deb5e58c8b66847f696a7bfa62c072
b3753816043b1b219776f9e191ef8f79,eb7f6789399039f26e8ef64ef44c085d
b3753816043b1b219776f9e191ef8f79,41a94af518202338e78bacd58176c398
b3753816043b1b219776f9e191ef8f79,005d664f1beee826ebd68f44531f15d1
b3753816043b1b219776f9e191ef8f79,83b5033e47d72b1b4340d2d16be4bb02
b3753816043b1b219776f9e191ef8f79,ddb38c4454ce4fb123c08b2e4a34a880
b3753816043b1b219776f9e191ef8f79,66a67ed8655b92f9eaf741deade29dfe
b3753816043b1b219776f9e191ef8f79,16fa09e8adcc6e6015d1370e56b59237
b3753816043b1b219776f9e191ef8f79,402cff7e84fc70c8e84ea62a11752435
b3753816043b1b219776f9e191ef8f79,19672ec3fdcafca726d56a6131fd6d17
b3753816043b1b219776f9e191ef8f79,d8621b4d0f3d1fe1d82b293083e1ba09
b3753816043b1b219776f9e191ef8f79,75bfb2f33e9468d95a3376125de9e700
b3753816043b1b219776f9e191ef8f79,85f8726bc9f119024b47cddec69c9706
b3753816043b1b219776f9e191ef8f79,4ca6c8c3d448cf869e17516d4c4649e6
b3753816043b1b219776f9e191ef8f79,143837deb8c52d273a602dcc5272afc0
b3753816043b1b219776f9e191ef8f79,6d2ba1e65467d87f9ebdd57d19678b53
b3753816043b1b219776f9e191ef8f79,6320ed1ad539a71f05b99ef6653f7d0d
b3753816043b1b219776f9e191ef8f79,e1d68a67413cbaa3fe034d46dc60722f
b3753816043b1b219776f9e191ef8f79,f7d6f32abd3bba7ed71b2bc0a242e5f1
b3753816043b1b219776f9e191ef8f79,ab27b35b19960056fc53e1ee1513b7f4
b3753816043b1b219776f9e191ef8f79,014ffa74ffa4b8e5f330d5f7d5110359
b3753816043b1b219776f9e191ef8f79,d11f40445eed3ad2157b8fe424a40eda
b3753816043b1b219776f9e191ef8f79,458809834d2309f0658c2518986b766a
b3753816043b1b219776f9e191ef8f79,530c64e762585bf2a5687f2a09c39e69
b3753816043b1b219776f9e191ef8f79,91e276e80ba32e7e1bd0c9908e80f6ae
b3753816043b1b219776f9e191ef8f79,58024cfe2c34fe73790f7d637d8bfea2
b3753816043b1b219776f9e191ef8f79,ad70c3b0f226c0329f9e358dd9960301
b3753816043b1b219776f9e191ef8f79,6e1cbf34d1915336f5e5f8195952c9ac
b3753816043b1b219776f9e191ef8f79,dad8f5e4f8a50c171be7b3ae7bf3935c
b3753816043b1b219776f9e191ef8f79,9d4bb9b14240d428d3b1fab08ffc1ea8
b3753816043b1b219776f9e191ef8f79,d1bf593365c9020223b65f4a2519546e
b3753816043b1b219776f9e191ef8f79,65e110858cf35fa45bcce149f26417af
b3753816043b1b219776f9e191ef8f79,05b12e47a74ee9caafcb518376af91a8
b3753816043b1b219776f9e191ef8f79,631b77c75570eea7ac61424235675cf3
b3753816043b1b219776f9e191ef8f79,6160383ab3193d421ec9310970f4b424
b3753816043b1b219776f9e191ef8f79,a56f0f6c3bb63588fd30743a5051a4c4
b3753816043b1b219776f9e191ef8f79,9048a7bb7d255de46d9bcaacea5aed91
b3753816043b1b219776f9e191ef8f79,c27692934ff6672307c541c723b4b12c
6a1dd7c08393b845f15971afc64cbd35,ef0f1155a59e37e29cc14f42ce7e61a2
6a1dd7c08393b845f15971afc64cbd35,95fb743fdc6488d6790f3ee3d0d6748d
035484f14b92339c68895a28ce115bb0,47a84a3b48f6ec045b7127b67c460c06
035484f14b92339c68895a28ce115bb0,d1c7fec78e30b28fe4e245fa5aa33397
035484f14b92339c68895a28ce115bb0,bdd2ce98ab1ab84110c36de330ef634b
035484f14b92339c68895a28ce115bb0,d0814f71e94b87368f3752ca475fc28f
035484f14b92339c68895a28ce115bb0,46d28fd1e01b2a53250c571bfb4238ae
035484f14b92339c68895a28ce115bb0,f5fe494e25c4ca115c0058e06ffe6df8
035484f14b92339c68895a28ce115bb0,f54a1182da49c6a4ef41adfee18a47eb
035484f14b92339c68895a28ce115bb0,36deb5e58c8b66847f696a7bfa62c072
035484f14b92339c68895a28ce115bb0,41a94af518202338e78bacd58176c398
035484f14b92339c68895a28ce115bb0,005d664f1beee826ebd68f44531f15d1
035484f14b92339c68895a28ce115bb0,19672ec3fdcafca726d56a6131fd6d17
035484f14b92339c68895a28ce115bb0,143837deb8c52d273a602dcc5272afc0
035484f14b92339c68895a28ce115bb0,6d2ba1e65467d87f9ebdd57d19678b53
035484f14b92339c68895a28ce115bb0,e1d68a67413cbaa3fe034d46dc60722f
035484f14b92339c68895a28ce115bb0,118019e67c418f7a27c1819b289eeeca
035484f14b92339c68895a28ce115bb0,6e1cbf34d1915336f5e5f8195952c9ac
035484f14b92339c68895a28ce115bb0,d1bf593365c9020223b65f4a2519546e
035484f14b92339c68895a28ce115bb0,6160383ab3193d421ec9310970f4b424
035484f14b92339c68895a28ce115bb0,9048a7bb7d255de46d9bcaacea5aed91
035484f14b92339c68895a28ce115bb0,c27692934ff6672307c541c723b4b12c
59624aeeda17fa1230ba956ec6acb194,46d28fd1e01b2a53250c571bfb4238ae
59624aeeda17fa1230ba956ec6acb194,83b5033e47d72b1b4340d2d16be4bb02
59624aeeda17fa1230ba956ec6acb194,a3fef6c46fd0b1a1457e901d7491cca9
59624aeeda17fa1230ba956ec6acb194,6320ed1ad539a71f05b99ef6653f7d0d
59624aeeda17fa1230ba956ec6acb194,e1d68a67413cbaa3fe034d46dc60722f
59624aeeda17fa1230ba956ec6acb194,c40b29d365a11a5ca863d837868f3f63
59624aeeda17fa1230ba956ec6acb194,199b2556798d45e4881be8c93a437bc6
aef7dcb7d7c036bdd243779f855e1801,d11f40445eed3ad2157b8fe424a40eda
aef7dcb7d7c036bdd243779f855e1801,f42172f46bc9b7df9b7c51644d6ee2fc
aef7dcb7d7c036bdd243779f855e1801,c74243f128a90a52d5c348d9bdfeb1e8
aef7dcb7d7c036bdd243779f855e1801,eed490ddc1e0ccf483235fd3e2f3892b
aef7dcb7d7c036bdd243779f855e1801,6320ed1ad539a71f05b99ef6653f7d0d
aef7dcb7d7c036bdd243779f855e1801,08fbd6986c5ed5e61991fa67b353bef0
aef7dcb7d7c036bdd243779f855e1801,9cf537c025e9436f838f727a0806a226
aef7dcb7d7c036bdd243779f855e1801,ace4bf624a7956c024c1e72e73117c72
aef7dcb7d7c036bdd243779f855e1801,85f8726bc9f119024b47cddec69c9706
a6ea6e8a1740e32d34eef50fb991fa5e,16fa09e8adcc6e6015d1370e56b59237
a6ea6e8a1740e32d34eef50fb991fa5e,758704cad9f2a5af0cdce95342a589e1
eed490ddc1e0ccf483235fd3e2f3892b,77f19903a52669a2847c013343eb87f1
eed490ddc1e0ccf483235fd3e2f3892b,d1c7fec78e30b28fe4e245fa5aa33397
eed490ddc1e0ccf483235fd3e2f3892b,f733069490cc55f7c4c6b37bd3de5055
eed490ddc1e0ccf483235fd3e2f3892b,fc1b81658a85859aa160e5528d9f9984
eed490ddc1e0ccf483235fd3e2f3892b,6320ed1ad539a71f05b99ef6653f7d0d
eed490ddc1e0ccf483235fd3e2f3892b,7b04683dee927fad082e577321b52aa2
eed490ddc1e0ccf483235fd3e2f3892b,c40b29d365a11a5ca863d837868f3f63
eed490ddc1e0ccf483235fd3e2f3892b,9e9587dda3d5ef766756b7cfaa5aec10
eed490ddc1e0ccf483235fd3e2f3892b,36deb5e58c8b66847f696a7bfa62c072
eed490ddc1e0ccf483235fd3e2f3892b,eb7f6789399039f26e8ef64ef44c085d
eed490ddc1e0ccf483235fd3e2f3892b,83b5033e47d72b1b4340d2d16be4bb02
eed490ddc1e0ccf483235fd3e2f3892b,005d664f1beee826ebd68f44531f15d1
eed490ddc1e0ccf483235fd3e2f3892b,d11f40445eed3ad2157b8fe424a40eda
eed490ddc1e0ccf483235fd3e2f3892b,66a67ed8655b92f9eaf741deade29dfe
eed490ddc1e0ccf483235fd3e2f3892b,ddb38c4454ce4fb123c08b2e4a34a880
eed490ddc1e0ccf483235fd3e2f3892b,b2dbe411087f73cfec30444ed97dc5dc
eed490ddc1e0ccf483235fd3e2f3892b,dad8f5e4f8a50c171be7b3ae7bf3935c
eed490ddc1e0ccf483235fd3e2f3892b,9cf537c025e9436f838f727a0806a226
eed490ddc1e0ccf483235fd3e2f3892b,dabd8a6247487eeb63e3ea3c03885916
eed490ddc1e0ccf483235fd3e2f3892b,a56f0f6c3bb63588fd30743a5051a4c4
eed490ddc1e0ccf483235fd3e2f3892b,ba723a3ee4f4d88639cb88700b4ee69e
eed490ddc1e0ccf483235fd3e2f3892b,de1b055609d6c8aecae0b725f2249dba
7a95a90f0bc228e0822d4ac659eefb8e,c74243f128a90a52d5c348d9bdfeb1e8
7a95a90f0bc228e0822d4ac659eefb8e,c39d937a9cc6e8a5cdbfdbc1aa89df4b
7a95a90f0bc228e0822d4ac659eefb8e,343a99d8a4df82cd25b0b29164c9955d
5acddb4422fbcaf7f3a44993ea782340,7026f7d3311f42c0ab07987859f0d3fc
5acddb4422fbcaf7f3a44993ea782340,44a66d8b56af35ad212e121d01d08c3d
5acddb4422fbcaf7f3a44993ea782340,fb7d1fdc3dfae01640a920140ea1c99c
5acddb4422fbcaf7f3a44993ea782340,bdb17b6534496c8fa9bb7f57bf1229d5
5acddb4422fbcaf7f3a44993ea782340,fd6e953b37a51cc3724b1ba2779b7647
5acddb4422fbcaf7f3a44993ea782340,c6ff23489c0e0126180b4aca4f8156ab
5acddb4422fbcaf7f3a44993ea782340,f7d6f32abd3bba7ed71b2bc0a242e5f1
5acddb4422fbcaf7f3a44993ea782340,ab27b35b19960056fc53e1ee1513b7f4
5acddb4422fbcaf7f3a44993ea782340,5c67a533030235009bfd1997275c770e
5acddb4422fbcaf7f3a44993ea782340,8b606b432858102671da97ca2c6b6a54
5acddb4422fbcaf7f3a44993ea782340,6acc0e1c7345617e4cb107dc96bfd919
d0814f71e94b87368f3752ca475fc28f,e1d68a67413cbaa3fe034d46dc60722f
d0814f71e94b87368f3752ca475fc28f,46d28fd1e01b2a53250c571bfb4238ae
d0814f71e94b87368f3752ca475fc28f,c27692934ff6672307c541c723b4b12c
e6ffc3aad3aa11ef4382174bffd49c8d,ccd1ce70e34c104e46794bdda63b9a3a
e6ffc3aad3aa11ef4382174bffd49c8d,d11f40445eed3ad2157b8fe424a40eda
e6ffc3aad3aa11ef4382174bffd49c8d,58024cfe2c34fe73790f7d637d8bfea2
e6ffc3aad3aa11ef4382174bffd49c8d,c39d937a9cc6e8a5cdbfdbc1aa89df4b
e6ffc3aad3aa11ef4382174bffd49c8d,6320ed1ad539a71f05b99ef6653f7d0d
e6ffc3aad3aa11ef4382174bffd49c8d,199b2556798d45e4881be8c93a437bc6
e6ffc3aad3aa11ef4382174bffd49c8d,ba723a3ee4f4d88639cb88700b4ee69e
e6ffc3aad3aa11ef4382174bffd49c8d,e2d1086f8da17ffeeead20d26ac7b4cc
e6ffc3aad3aa11ef4382174bffd49c8d,343a99d8a4df82cd25b0b29164c9955d
356870e83bdb5c056a7cd2e2b9b40f9a,4410582a99a94b633f720ae23e63b7b1
356870e83bdb5c056a7cd2e2b9b40f9a,ace4bf624a7956c024c1e72e73117c72
356870e83bdb5c056a7cd2e2b9b40f9a,50cd95680d8f4c00d5235dd1b57c4eff
356870e83bdb5c056a7cd2e2b9b40f9a,b2dbe411087f73cfec30444ed97dc5dc
356870e83bdb5c056a7cd2e2b9b40f9a,85f8726bc9f119024b47cddec69c9706
356870e83bdb5c056a7cd2e2b9b40f9a,ba723a3ee4f4d88639cb88700b4ee69e
356870e83bdb5c056a7cd2e2b9b40f9a,94d143795247d734e8ba130a79f4b3a0
356870e83bdb5c056a7cd2e2b9b40f9a,fc1b81658a85859aa160e5528d9f9984
356870e83bdb5c056a7cd2e2b9b40f9a,6320ed1ad539a71f05b99ef6653f7d0d
356870e83bdb5c056a7cd2e2b9b40f9a,b6f8e7e7c908b1ac73f1d998bd1e9541
356870e83bdb5c056a7cd2e2b9b40f9a,c74243f128a90a52d5c348d9bdfeb1e8
356870e83bdb5c056a7cd2e2b9b40f9a,dad8f5e4f8a50c171be7b3ae7bf3935c
356870e83bdb5c056a7cd2e2b9b40f9a,9cf537c025e9436f838f727a0806a226
356870e83bdb5c056a7cd2e2b9b40f9a,a56f0f6c3bb63588fd30743a5051a4c4
85ef413122d51be234ef4ce4b94ba430,1833fe37d84e2a629f47abab961eea8d
50cd95680d8f4c00d5235dd1b57c4eff,a9121868037cf2f989f42e704ecfcda5
50cd95680d8f4c00d5235dd1b57c4eff,dabd8a6247487eeb63e3ea3c03885916
50cd95680d8f4c00d5235dd1b57c4eff,85f8726bc9f119024b47cddec69c9706
50cd95680d8f4c00d5235dd1b57c4eff,ccd1ce70e34c104e46794bdda63b9a3a
50cd95680d8f4c00d5235dd1b57c4eff,d7621f5426825d9d72069d406d3db5f0
50cd95680d8f4c00d5235dd1b57c4eff,6320ed1ad539a71f05b99ef6653f7d0d
50cd95680d8f4c00d5235dd1b57c4eff,de7570a7e6d1db2b1c33399a352df9bc
50cd95680d8f4c00d5235dd1b57c4eff,baccdddcfa6ee52487319546fc2bd291
50cd95680d8f4c00d5235dd1b57c4eff,f7d6f32abd3bba7ed71b2bc0a242e5f1
50cd95680d8f4c00d5235dd1b57c4eff,c40b29d365a11a5ca863d837868f3f63
b52d159e3f6d4fa970256adf6ac7c34f,d662cac29640b3d03910c857e1b1daad
f5fe494e25c4ca115c0058e06ffe6df8,16fa09e8adcc6e6015d1370e56b59237
f5fe494e25c4ca115c0058e06ffe6df8,6160383ab3193d421ec9310970f4b424
f5fe494e25c4ca115c0058e06ffe6df8,e1d68a67413cbaa3fe034d46dc60722f
f5fe494e25c4ca115c0058e06ffe6df8,46d28fd1e01b2a53250c571bfb4238ae
f5fe494e25c4ca115c0058e06ffe6df8,c27692934ff6672307c541c723b4b12c
6b7589baaa8a3fea0fcdf77988e55590,83b5033e47d72b1b4340d2d16be4bb02
6b7589baaa8a3fea0fcdf77988e55590,d11f40445eed3ad2157b8fe424a40eda
6b7589baaa8a3fea0fcdf77988e55590,58024cfe2c34fe73790f7d637d8bfea2
6b7589baaa8a3fea0fcdf77988e55590,360c1c1bef31d20bdc097282c7ee6506
c1cb644b0551e78fc22845801703e47f,d11f40445eed3ad2157b8fe424a40eda
c1cb644b0551e78fc22845801703e47f,dabd8a6247487eeb63e3ea3c03885916
c1cb644b0551e78fc22845801703e47f,ba723a3ee4f4d88639cb88700b4ee69e
36deb5e58c8b66847f696a7bfa62c072,83b5033e47d72b1b4340d2d16be4bb02
36deb5e58c8b66847f696a7bfa62c072,d11f40445eed3ad2157b8fe424a40eda
36deb5e58c8b66847f696a7bfa62c072,9cf537c025e9436f838f727a0806a226
36deb5e58c8b66847f696a7bfa62c072,e1d68a67413cbaa3fe034d46dc60722f
36deb5e58c8b66847f696a7bfa62c072,46d28fd1e01b2a53250c571bfb4238ae
36deb5e58c8b66847f696a7bfa62c072,9ec4b371424e277a1da53132b369fa84
36deb5e58c8b66847f696a7bfa62c072,c40b29d365a11a5ca863d837868f3f63
36deb5e58c8b66847f696a7bfa62c072,85f8726bc9f119024b47cddec69c9706
36deb5e58c8b66847f696a7bfa62c072,ba723a3ee4f4d88639cb88700b4ee69e
36deb5e58c8b66847f696a7bfa62c072,de1b055609d6c8aecae0b725f2249dba
838598b0b2bbc4ea43122bd45086b1d7,1f0ed55e61d6624a0cf331e22b44e168
838598b0b2bbc4ea43122bd45086b1d7,46d28fd1e01b2a53250c571bfb4238ae
838598b0b2bbc4ea43122bd45086b1d7,343a99d8a4df82cd25b0b29164c9955d
3fd61d48877df6096b38a85e6324f8f4,31be86322ecac384c86d8a21d369dcdf
3fd61d48877df6096b38a85e6324f8f4,95fb743fdc6488d6790f3ee3d0d6748d
3fd61d48877df6096b38a85e6324f8f4,6532000a9234e73fbcea8e334335475b
dfa9557676960790112aa1330cecc26e,6532000a9234e73fbcea8e334335475b
dfa9557676960790112aa1330cecc26e,1833fe37d84e2a629f47abab961eea8d
83b5033e47d72b1b4340d2d16be4bb02,d1c7fec78e30b28fe4e245fa5aa33397
83b5033e47d72b1b4340d2d16be4bb02,88a7cfed118c6fa7fc51b327ef918bd8
83b5033e47d72b1b4340d2d16be4bb02,44a66d8b56af35ad212e121d01d08c3d
83b5033e47d72b1b4340d2d16be4bb02,46d28fd1e01b2a53250c571bfb4238ae
83b5033e47d72b1b4340d2d16be4bb02,9e9587dda3d5ef766756b7cfaa5aec10
83b5033e47d72b1b4340d2d16be4bb02,f54a1182da49c6a4ef41adfee18a47eb
83b5033e47d72b1b4340d2d16be4bb02,eb7f6789399039f26e8ef64ef44c085d
83b5033e47d72b1b4340d2d16be4bb02,a14387d908c96a14ffa4538802ef9e11
83b5033e47d72b1b4340d2d16be4bb02,005d664f1beee826ebd68f44531f15d1
83b5033e47d72b1b4340d2d16be4bb02,ddb38c4454ce4fb123c08b2e4a34a880
83b5033e47d72b1b4340d2d16be4bb02,66a67ed8655b92f9eaf741deade29dfe
83b5033e47d72b1b4340d2d16be4bb02,2eedd9278351929de28551de778b2d89
83b5033e47d72b1b4340d2d16be4bb02,cd2b0dd5e03751254ab89c3a101904fb
83b5033e47d72b1b4340d2d16be4bb02,19672ec3fdcafca726d56a6131fd6d17
83b5033e47d72b1b4340d2d16be4bb02,a9121868037cf2f989f42e704ecfcda5
83b5033e47d72b1b4340d2d16be4bb02,75bfb2f33e9468d95a3376125de9e700
83b5033e47d72b1b4340d2d16be4bb02,ba723a3ee4f4d88639cb88700b4ee69e
83b5033e47d72b1b4340d2d16be4bb02,ea4800fb403f78ba839b138ff1dbcabd
83b5033e47d72b1b4340d2d16be4bb02,baccdddcfa6ee52487319546fc2bd291
83b5033e47d72b1b4340d2d16be4bb02,6d2ba1e65467d87f9ebdd57d19678b53
83b5033e47d72b1b4340d2d16be4bb02,f733069490cc55f7c4c6b37bd3de5055
83b5033e47d72b1b4340d2d16be4bb02,d97fae169e763bd3ae00e439e764e81a
83b5033e47d72b1b4340d2d16be4bb02,e1d68a67413cbaa3fe034d46dc60722f
83b5033e47d72b1b4340d2d16be4bb02,f7d6f32abd3bba7ed71b2bc0a242e5f1
83b5033e47d72b1b4340d2d16be4bb02,ab27b35b19960056fc53e1ee1513b7f4
83b5033e47d72b1b4340d2d16be4bb02,c40b29d365a11a5ca863d837868f3f63
83b5033e47d72b1b4340d2d16be4bb02,c74243f128a90a52d5c348d9bdfeb1e8
83b5033e47d72b1b4340d2d16be4bb02,dad8f5e4f8a50c171be7b3ae7bf3935c
83b5033e47d72b1b4340d2d16be4bb02,9cf537c025e9436f838f727a0806a226
83b5033e47d72b1b4340d2d16be4bb02,199b2556798d45e4881be8c93a437bc6
66a67ed8655b92f9eaf741deade29dfe,ccd1ce70e34c104e46794bdda63b9a3a
66a67ed8655b92f9eaf741deade29dfe,d11f40445eed3ad2157b8fe424a40eda
66a67ed8655b92f9eaf741deade29dfe,f42172f46bc9b7df9b7c51644d6ee2fc
66a67ed8655b92f9eaf741deade29dfe,16fa09e8adcc6e6015d1370e56b59237
66a67ed8655b92f9eaf741deade29dfe,58024cfe2c34fe73790f7d637d8bfea2
66a67ed8655b92f9eaf741deade29dfe,c39d937a9cc6e8a5cdbfdbc1aa89df4b
66a67ed8655b92f9eaf741deade29dfe,a3fef6c46fd0b1a1457e901d7491cca9
66a67ed8655b92f9eaf741deade29dfe,baccdddcfa6ee52487319546fc2bd291
66a67ed8655b92f9eaf741deade29dfe,6320ed1ad539a71f05b99ef6653f7d0d
66a67ed8655b92f9eaf741deade29dfe,08fbd6986c5ed5e61991fa67b353bef0
66a67ed8655b92f9eaf741deade29dfe,dabd8a6247487eeb63e3ea3c03885916
66a67ed8655b92f9eaf741deade29dfe,f7d6f32abd3bba7ed71b2bc0a242e5f1
66a67ed8655b92f9eaf741deade29dfe,c40b29d365a11a5ca863d837868f3f63
66a67ed8655b92f9eaf741deade29dfe,85f8726bc9f119024b47cddec69c9706
66a67ed8655b92f9eaf741deade29dfe,199b2556798d45e4881be8c93a437bc6
66a67ed8655b92f9eaf741deade29dfe,c27692934ff6672307c541c723b4b12c
66a67ed8655b92f9eaf741deade29dfe,343a99d8a4df82cd25b0b29164c9955d
516c4ec907083d2142b6bad573504763,ef0f1155a59e37e29cc14f42ce7e61a2
ddb38c4454ce4fb123c08b2e4a34a880,ccd1ce70e34c104e46794bdda63b9a3a
ddb38c4454ce4fb123c08b2e4a34a880,c74243f128a90a52d5c348d9bdfeb1e8
ddb38c4454ce4fb123c08b2e4a34a880,9cf537c025e9436f838f727a0806a226
ddb38c4454ce4fb123c08b2e4a34a880,46d28fd1e01b2a53250c571bfb4238ae
ddb38c4454ce4fb123c08b2e4a34a880,c40b29d365a11a5ca863d837868f3f63
ddb38c4454ce4fb123c08b2e4a34a880,9e63b94018cefd581fb1722322287bae
ddb38c4454ce4fb123c08b2e4a34a880,de1b055609d6c8aecae0b725f2249dba
f42172f46bc9b7df9b7c51644d6ee2fc,f82e292054c19f917556ffd5336a1b8f
f42172f46bc9b7df9b7c51644d6ee2fc,b2dbe411087f73cfec30444ed97dc5dc
f42172f46bc9b7df9b7c51644d6ee2fc,a3fef6c46fd0b1a1457e901d7491cca9
f42172f46bc9b7df9b7c51644d6ee2fc,d6e351e9b175e4a1ad3ad3ced0e25a2f
f42172f46bc9b7df9b7c51644d6ee2fc,da03b1c3108e22d983c2fba58de4212a
f42172f46bc9b7df9b7c51644d6ee2fc,9e9587dda3d5ef766756b7cfaa5aec10
16fa09e8adcc6e6015d1370e56b59237,143837deb8c52d273a602dcc5272afc0
16fa09e8adcc6e6015d1370e56b59237,a583bee71271f990ec3c663e9f8ea301
16fa09e8adcc6e6015d1370e56b59237,48b4e5d5e5098e25b7d1351a9e4e31ce
16fa09e8adcc6e6015d1370e56b59237,44a66d8b56af35ad212e121d01d08c3d
16fa09e8adcc6e6015d1370e56b59237,43c34bc019571111bc647657e5ced7bb
16fa09e8adcc6e6015d1370e56b59237,da03b1c3108e22d983c2fba58de4212a
16fa09e8adcc6e6015d1370e56b59237,db59a3abb5433d8cd70e12831ea68ca2
16fa09e8adcc6e6015d1370e56b59237,f7d6f32abd3bba7ed71b2bc0a242e5f1
16fa09e8adcc6e6015d1370e56b59237,5c67a533030235009bfd1997275c770e
16fa09e8adcc6e6015d1370e56b59237,f40328ffed910c0036e5ed7c6288d30a
16fa09e8adcc6e6015d1370e56b59237,fb7d1fdc3dfae01640a920140ea1c99c
16fa09e8adcc6e6015d1370e56b59237,041e5704e97f7a584625d8adfb5da81d
16fa09e8adcc6e6015d1370e56b59237,bdb17b6534496c8fa9bb7f57bf1229d5
16fa09e8adcc6e6015d1370e56b59237,ded7f78f73783cd7bee833ba5f2b12ac
16fa09e8adcc6e6015d1370e56b59237,b2dbe411087f73cfec30444ed97dc5dc
16fa09e8adcc6e6015d1370e56b59237,a3fef6c46fd0b1a1457e901d7491cca9
16fa09e8adcc6e6015d1370e56b59237,19672ec3fdcafca726d56a6131fd6d17
16fa09e8adcc6e6015d1370e56b59237,85dc7a3e6a161f4200ed4d16c464e9d1
16fa09e8adcc6e6015d1370e56b59237,542b58ff3bad4f57ca8b1cdd9f8bea1f
16fa09e8adcc6e6015d1370e56b59237,b2a494050a48588d211e36cf1a9ae58d
16fa09e8adcc6e6015d1370e56b59237,e17dc332dcd15e02b4d21e9ae3081565
bdb17b6534496c8fa9bb7f57bf1229d5,b1901a7087bbe8441c37e7ac01f65202
bdb17b6534496c8fa9bb7f57bf1229d5,e2d1086f8da17ffeeead20d26ac7b4cc
b2dbe411087f73cfec30444ed97dc5dc,6320ed1ad539a71f05b99ef6653f7d0d
b2dbe411087f73cfec30444ed97dc5dc,ace4bf624a7956c024c1e72e73117c72
b2dbe411087f73cfec30444ed97dc5dc,b6f8e7e7c908b1ac73f1d998bd1e9541
b2dbe411087f73cfec30444ed97dc5dc,8e944d9626c51338d4f977ce08a1d4ce
b2dbe411087f73cfec30444ed97dc5dc,9e63b94018cefd581fb1722322287bae
b2dbe411087f73cfec30444ed97dc5dc,d11f40445eed3ad2157b8fe424a40eda
b2dbe411087f73cfec30444ed97dc5dc,c74243f128a90a52d5c348d9bdfeb1e8
b2dbe411087f73cfec30444ed97dc5dc,9cf537c025e9436f838f727a0806a226
b2dbe411087f73cfec30444ed97dc5dc,85dc7a3e6a161f4200ed4d16c464e9d1
b2dbe411087f73cfec30444ed97dc5dc,85f8726bc9f119024b47cddec69c9706
b2dbe411087f73cfec30444ed97dc5dc,ba723a3ee4f4d88639cb88700b4ee69e
b2dbe411087f73cfec30444ed97dc5dc,199b2556798d45e4881be8c93a437bc6
a3fef6c46fd0b1a1457e901d7491cca9,d11f40445eed3ad2157b8fe424a40eda
a3fef6c46fd0b1a1457e901d7491cca9,ea4800fb403f78ba839b138ff1dbcabd
a3fef6c46fd0b1a1457e901d7491cca9,143837deb8c52d273a602dcc5272afc0
a3fef6c46fd0b1a1457e901d7491cca9,5114da651b79a7b59f9fc90c345d2310
a3fef6c46fd0b1a1457e901d7491cca9,da03b1c3108e22d983c2fba58de4212a
a3fef6c46fd0b1a1457e901d7491cca9,f7d6f32abd3bba7ed71b2bc0a242e5f1
a3fef6c46fd0b1a1457e901d7491cca9,9ec4b371424e277a1da53132b369fa84
a3fef6c46fd0b1a1457e901d7491cca9,75bfb2f33e9468d95a3376125de9e700
a3fef6c46fd0b1a1457e901d7491cca9,9e9587dda3d5ef766756b7cfaa5aec10
a3fef6c46fd0b1a1457e901d7491cca9,26ccb4b30e97c07b9e6d62f4dde3aaf7
a3fef6c46fd0b1a1457e901d7491cca9,85f8726bc9f119024b47cddec69c9706
cd2b0dd5e03751254ab89c3a101904fb,d11f40445eed3ad2157b8fe424a40eda
cd2b0dd5e03751254ab89c3a101904fb,58024cfe2c34fe73790f7d637d8bfea2
cd2b0dd5e03751254ab89c3a101904fb,baccdddcfa6ee52487319546fc2bd291
cd2b0dd5e03751254ab89c3a101904fb,a9121868037cf2f989f42e704ecfcda5
cd2b0dd5e03751254ab89c3a101904fb,19f5e0d38bf1e10b1ff130be4d54c87d
cd2b0dd5e03751254ab89c3a101904fb,ba723a3ee4f4d88639cb88700b4ee69e
402cff7e84fc70c8e84ea62a11752435,c74243f128a90a52d5c348d9bdfeb1e8
402cff7e84fc70c8e84ea62a11752435,6320ed1ad539a71f05b99ef6653f7d0d
402cff7e84fc70c8e84ea62a11752435,9e63b94018cefd581fb1722322287bae
d6e351e9b175e4a1ad3ad3ced0e25a2f,8e944d9626c51338d4f977ce08a1d4ce
d6e351e9b175e4a1ad3ad3ced0e25a2f,c40b29d365a11a5ca863d837868f3f63
d6e351e9b175e4a1ad3ad3ced0e25a2f,26ccb4b30e97c07b9e6d62f4dde3aaf7
d6e351e9b175e4a1ad3ad3ced0e25a2f,5114da651b79a7b59f9fc90c345d2310
d6e351e9b175e4a1ad3ad3ced0e25a2f,6320ed1ad539a71f05b99ef6653f7d0d
b1901a7087bbe8441c37e7ac01f65202,6f13f99b35ac294a08c7f7d461bece91
b1901a7087bbe8441c37e7ac01f65202,44a66d8b56af35ad212e121d01d08c3d
b1901a7087bbe8441c37e7ac01f65202,43c34bc019571111bc647657e5ced7bb
b1901a7087bbe8441c37e7ac01f65202,d8251922ed407fb77b96c58056b8b62d
b1901a7087bbe8441c37e7ac01f65202,d8621b4d0f3d1fe1d82b293083e1ba09
b1901a7087bbe8441c37e7ac01f65202,a583bee71271f990ec3c663e9f8ea301
b1901a7087bbe8441c37e7ac01f65202,ab27b35b19960056fc53e1ee1513b7f4
b1901a7087bbe8441c37e7ac01f65202,5c67a533030235009bfd1997275c770e
b1901a7087bbe8441c37e7ac01f65202,041e5704e97f7a584625d8adfb5da81d
b1901a7087bbe8441c37e7ac01f65202,6acc0e1c7345617e4cb107dc96bfd919
19672ec3fdcafca726d56a6131fd6d17,6160383ab3193d421ec9310970f4b424
19672ec3fdcafca726d56a6131fd6d17,85dc7a3e6a161f4200ed4d16c464e9d1
19672ec3fdcafca726d56a6131fd6d17,e1d68a67413cbaa3fe034d46dc60722f
19672ec3fdcafca726d56a6131fd6d17,46d28fd1e01b2a53250c571bfb4238ae
19672ec3fdcafca726d56a6131fd6d17,85f8726bc9f119024b47cddec69c9706
19672ec3fdcafca726d56a6131fd6d17,ba723a3ee4f4d88639cb88700b4ee69e
19672ec3fdcafca726d56a6131fd6d17,c27692934ff6672307c541c723b4b12c
a9121868037cf2f989f42e704ecfcda5,de7570a7e6d1db2b1c33399a352df9bc
a9121868037cf2f989f42e704ecfcda5,fc1b81658a85859aa160e5528d9f9984
a9121868037cf2f989f42e704ecfcda5,95a234b085734c3533e56e1e60b495b2
a9121868037cf2f989f42e704ecfcda5,c995cd1dc63bc8f078917a82a92c663c
a9121868037cf2f989f42e704ecfcda5,de1b055609d6c8aecae0b725f2249dba
f8a5df30cf3e752dbfc064609b211c82,eb7f6789399039f26e8ef64ef44c085d
f8a5df30cf3e752dbfc064609b211c82,2eedd9278351929de28551de778b2d89
f8a5df30cf3e752dbfc064609b211c82,d7621f5426825d9d72069d406d3db5f0
f8a5df30cf3e752dbfc064609b211c82,0b8344ab5f869c6930357cf94ffea933
f8a5df30cf3e752dbfc064609b211c82,c74243f128a90a52d5c348d9bdfeb1e8
f8a5df30cf3e752dbfc064609b211c82,b2a494050a48588d211e36cf1a9ae58d
95fb743fdc6488d6790f3ee3d0d6748d,121b11a886de9f98cfb9c14db96bb368
95fb743fdc6488d6790f3ee3d0d6748d,6de4fdda1cf594d452e5cdd72e9cc833
95fb743fdc6488d6790f3ee3d0d6748d,6fa7aa5956787ec95f51b3ae216c749f
95fb743fdc6488d6790f3ee3d0d6748d,6532000a9234e73fbcea8e334335475b
95fb743fdc6488d6790f3ee3d0d6748d,dd07bd513287206756487620aa627f9d
95fb743fdc6488d6790f3ee3d0d6748d,f40328ffed910c0036e5ed7c6288d30a
95fb743fdc6488d6790f3ee3d0d6748d,6acc0e1c7345617e4cb107dc96bfd919
95fb743fdc6488d6790f3ee3d0d6748d,05b12e47a74ee9caafcb518376af91a8
95fb743fdc6488d6790f3ee3d0d6748d,d662cac29640b3d03910c857e1b1daad
95fb743fdc6488d6790f3ee3d0d6748d,d8621b4d0f3d1fe1d82b293083e1ba09
95fb743fdc6488d6790f3ee3d0d6748d,ef5dc329add7feab4bf476f42abcfef3
dabd8a6247487eeb63e3ea3c03885916,a14387d908c96a14ffa4538802ef9e11
dabd8a6247487eeb63e3ea3c03885916,95a234b085734c3533e56e1e60b495b2
dabd8a6247487eeb63e3ea3c03885916,d7621f5426825d9d72069d406d3db5f0
dabd8a6247487eeb63e3ea3c03885916,77f19903a52669a2847c013343eb87f1
dabd8a6247487eeb63e3ea3c03885916,fc1b81658a85859aa160e5528d9f9984
dabd8a6247487eeb63e3ea3c03885916,ab27b35b19960056fc53e1ee1513b7f4
dabd8a6247487eeb63e3ea3c03885916,c74243f128a90a52d5c348d9bdfeb1e8
dabd8a6247487eeb63e3ea3c03885916,85dc7a3e6a161f4200ed4d16c464e9d1
75bfb2f33e9468d95a3376125de9e700,baccdddcfa6ee52487319546fc2bd291
75bfb2f33e9468d95a3376125de9e700,6320ed1ad539a71f05b99ef6653f7d0d
75bfb2f33e9468d95a3376125de9e700,ace4bf624a7956c024c1e72e73117c72
75bfb2f33e9468d95a3376125de9e700,9ec4b371424e277a1da53132b369fa84
75bfb2f33e9468d95a3376125de9e700,c40b29d365a11a5ca863d837868f3f63
75bfb2f33e9468d95a3376125de9e700,9e63b94018cefd581fb1722322287bae
75bfb2f33e9468d95a3376125de9e700,d11f40445eed3ad2157b8fe424a40eda
75bfb2f33e9468d95a3376125de9e700,9cf537c025e9436f838f727a0806a226
75bfb2f33e9468d95a3376125de9e700,199b2556798d45e4881be8c93a437bc6
85f8726bc9f119024b47cddec69c9706,4410582a99a94b633f720ae23e63b7b1
85f8726bc9f119024b47cddec69c9706,08fbd6986c5ed5e61991fa67b353bef0
85f8726bc9f119024b47cddec69c9706,ba723a3ee4f4d88639cb88700b4ee69e
85f8726bc9f119024b47cddec69c9706,de1b055609d6c8aecae0b725f2249dba
85f8726bc9f119024b47cddec69c9706,ea4800fb403f78ba839b138ff1dbcabd
85f8726bc9f119024b47cddec69c9706,f82e292054c19f917556ffd5336a1b8f
85f8726bc9f119024b47cddec69c9706,a38f64616da8bba95128025d9ea950c7
85f8726bc9f119024b47cddec69c9706,6320ed1ad539a71f05b99ef6653f7d0d
85f8726bc9f119024b47cddec69c9706,da03b1c3108e22d983c2fba58de4212a
85f8726bc9f119024b47cddec69c9706,b6f8e7e7c908b1ac73f1d998bd1e9541
85f8726bc9f119024b47cddec69c9706,9ec4b371424e277a1da53132b369fa84
85f8726bc9f119024b47cddec69c9706,9e63b94018cefd581fb1722322287bae
85f8726bc9f119024b47cddec69c9706,d11f40445eed3ad2157b8fe424a40eda
85f8726bc9f119024b47cddec69c9706,118019e67c418f7a27c1819b289eeeca
85f8726bc9f119024b47cddec69c9706,c74243f128a90a52d5c348d9bdfeb1e8
85f8726bc9f119024b47cddec69c9706,b37d98a231541c8841575cab49bd32d8
85f8726bc9f119024b47cddec69c9706,55ebcbe731c414af2a4bd8cce1e026c9
85f8726bc9f119024b47cddec69c9706,dad8f5e4f8a50c171be7b3ae7bf3935c
85f8726bc9f119024b47cddec69c9706,e855e12ae18ced3b38f544d34fcc3608
85f8726bc9f119024b47cddec69c9706,85dc7a3e6a161f4200ed4d16c464e9d1
de1b055609d6c8aecae0b725f2249dba,9e9587dda3d5ef766756b7cfaa5aec10
de1b055609d6c8aecae0b725f2249dba,eb7f6789399039f26e8ef64ef44c085d
de1b055609d6c8aecae0b725f2249dba,005d664f1beee826ebd68f44531f15d1
de1b055609d6c8aecae0b725f2249dba,ba723a3ee4f4d88639cb88700b4ee69e
de1b055609d6c8aecae0b725f2249dba,9ec4b371424e277a1da53132b369fa84
de1b055609d6c8aecae0b725f2249dba,c40b29d365a11a5ca863d837868f3f63
de1b055609d6c8aecae0b725f2249dba,dad8f5e4f8a50c171be7b3ae7bf3935c
de1b055609d6c8aecae0b725f2249dba,360c1c1bef31d20bdc097282c7ee6506
ef5dc329add7feab4bf476f42abcfef3,4733945983a98492c52e77f1d37f141f
ef5dc329add7feab4bf476f42abcfef3,6fa7aa5956787ec95f51b3ae216c749f
ef5dc329add7feab4bf476f42abcfef3,6532000a9234e73fbcea8e334335475b
ef5dc329add7feab4bf476f42abcfef3,4ca6c8c3d448cf869e17516d4c4649e6
ccd1ce70e34c104e46794bdda63b9a3a,a14387d908c96a14ffa4538802ef9e11
ccd1ce70e34c104e46794bdda63b9a3a,005d664f1beee826ebd68f44531f15d1
ccd1ce70e34c104e46794bdda63b9a3a,d11f40445eed3ad2157b8fe424a40eda
ccd1ce70e34c104e46794bdda63b9a3a,118019e67c418f7a27c1819b289eeeca
ccd1ce70e34c104e46794bdda63b9a3a,58024cfe2c34fe73790f7d637d8bfea2
ccd1ce70e34c104e46794bdda63b9a3a,6e1cbf34d1915336f5e5f8195952c9ac
ccd1ce70e34c104e46794bdda63b9a3a,c39d937a9cc6e8a5cdbfdbc1aa89df4b
ccd1ce70e34c104e46794bdda63b9a3a,155b7ed16a82ee6decc6513ab02b32c4
ccd1ce70e34c104e46794bdda63b9a3a,6d2ba1e65467d87f9ebdd57d19678b53
ccd1ce70e34c104e46794bdda63b9a3a,f733069490cc55f7c4c6b37bd3de5055
ccd1ce70e34c104e46794bdda63b9a3a,d97fae169e763bd3ae00e439e764e81a
ccd1ce70e34c104e46794bdda63b9a3a,da03b1c3108e22d983c2fba58de4212a
ccd1ce70e34c104e46794bdda63b9a3a,ab27b35b19960056fc53e1ee1513b7f4
ccd1ce70e34c104e46794bdda63b9a3a,c995cd1dc63bc8f078917a82a92c663c
ccd1ce70e34c104e46794bdda63b9a3a,343a99d8a4df82cd25b0b29164c9955d
ea4800fb403f78ba839b138ff1dbcabd,ace4bf624a7956c024c1e72e73117c72
ea4800fb403f78ba839b138ff1dbcabd,08fbd6986c5ed5e61991fa67b353bef0
ea4800fb403f78ba839b138ff1dbcabd,ba723a3ee4f4d88639cb88700b4ee69e
ea4800fb403f78ba839b138ff1dbcabd,6320ed1ad539a71f05b99ef6653f7d0d
ea4800fb403f78ba839b138ff1dbcabd,9e63b94018cefd581fb1722322287bae
d7621f5426825d9d72069d406d3db5f0,52b2b0e25aaaebbe60169a726ec9b18c
d7621f5426825d9d72069d406d3db5f0,de7570a7e6d1db2b1c33399a352df9bc
143837deb8c52d273a602dcc5272afc0,f7d6f32abd3bba7ed71b2bc0a242e5f1
143837deb8c52d273a602dcc5272afc0,d11f40445eed3ad2157b8fe424a40eda
143837deb8c52d273a602dcc5272afc0,08fbd6986c5ed5e61991fa67b353bef0
143837deb8c52d273a602dcc5272afc0,85dc7a3e6a161f4200ed4d16c464e9d1
143837deb8c52d273a602dcc5272afc0,ba723a3ee4f4d88639cb88700b4ee69e
143837deb8c52d273a602dcc5272afc0,c27692934ff6672307c541c723b4b12c
f82e292054c19f917556ffd5336a1b8f,d11f40445eed3ad2157b8fe424a40eda
f82e292054c19f917556ffd5336a1b8f,5114da651b79a7b59f9fc90c345d2310
f82e292054c19f917556ffd5336a1b8f,6320ed1ad539a71f05b99ef6653f7d0d
f82e292054c19f917556ffd5336a1b8f,85dc7a3e6a161f4200ed4d16c464e9d1
f82e292054c19f917556ffd5336a1b8f,8e944d9626c51338d4f977ce08a1d4ce
f82e292054c19f917556ffd5336a1b8f,26ccb4b30e97c07b9e6d62f4dde3aaf7
f74582e6fe2b2a937d2290a402440e36,46d28fd1e01b2a53250c571bfb4238ae
77f19903a52669a2847c013343eb87f1,8e944d9626c51338d4f977ce08a1d4ce
77f19903a52669a2847c013343eb87f1,9e63b94018cefd581fb1722322287bae
6fa7aa5956787ec95f51b3ae216c749f,942559bc2dad0276a92d80c77d2c03f9
6fa7aa5956787ec95f51b3ae216c749f,6532000a9234e73fbcea8e334335475b
6fa7aa5956787ec95f51b3ae216c749f,789b13fe920331aa04f1327dd1813f2a
6fa7aa5956787ec95f51b3ae216c749f,dd07bd513287206756487620aa627f9d
6fa7aa5956787ec95f51b3ae216c749f,b86620292038315f81fcf11668af485b
6fa7aa5956787ec95f51b3ae216c749f,91e276e80ba32e7e1bd0c9908e80f6ae
6fa7aa5956787ec95f51b3ae216c749f,05b12e47a74ee9caafcb518376af91a8
6fa7aa5956787ec95f51b3ae216c749f,af4c1e05195d0b3a7c40cd8ba91a63ce
6fa7aa5956787ec95f51b3ae216c749f,4ca6c8c3d448cf869e17516d4c4649e6
f733069490cc55f7c4c6b37bd3de5055,d11f40445eed3ad2157b8fe424a40eda
f733069490cc55f7c4c6b37bd3de5055,58024cfe2c34fe73790f7d637d8bfea2
f733069490cc55f7c4c6b37bd3de5055,19f5e0d38bf1e10b1ff130be4d54c87d
f733069490cc55f7c4c6b37bd3de5055,8e944d9626c51338d4f977ce08a1d4ce
f733069490cc55f7c4c6b37bd3de5055,9ec4b371424e277a1da53132b369fa84
f733069490cc55f7c4c6b37bd3de5055,9e63b94018cefd581fb1722322287bae
f733069490cc55f7c4c6b37bd3de5055,199b2556798d45e4881be8c93a437bc6
d97fae169e763bd3ae00e439e764e81a,d11f40445eed3ad2157b8fe424a40eda
d97fae169e763bd3ae00e439e764e81a,19f5e0d38bf1e10b1ff130be4d54c87d
d97fae169e763bd3ae00e439e764e81a,baccdddcfa6ee52487319546fc2bd291
d97fae169e763bd3ae00e439e764e81a,6320ed1ad539a71f05b99ef6653f7d0d
6320ed1ad539a71f05b99ef6653f7d0d,da03b1c3108e22d983c2fba58de4212a
6320ed1ad539a71f05b99ef6653f7d0d,35f37d5eb96d0ee13c4d022af1cd4bd3
6320ed1ad539a71f05b99ef6653f7d0d,8e944d9626c51338d4f977ce08a1d4ce
6320ed1ad539a71f05b99ef6653f7d0d,118019e67c418f7a27c1819b289eeeca
6320ed1ad539a71f05b99ef6653f7d0d,c74243f128a90a52d5c348d9bdfeb1e8
6320ed1ad539a71f05b99ef6653f7d0d,b37d98a231541c8841575cab49bd32d8
6320ed1ad539a71f05b99ef6653f7d0d,9048a7bb7d255de46d9bcaacea5aed91
6320ed1ad539a71f05b99ef6653f7d0d,c27692934ff6672307c541c723b4b12c
6320ed1ad539a71f05b99ef6653f7d0d,4410582a99a94b633f720ae23e63b7b1
6320ed1ad539a71f05b99ef6653f7d0d,d1c7fec78e30b28fe4e245fa5aa33397
6320ed1ad539a71f05b99ef6653f7d0d,ace4bf624a7956c024c1e72e73117c72
6320ed1ad539a71f05b99ef6653f7d0d,9e9587dda3d5ef766756b7cfaa5aec10
6320ed1ad539a71f05b99ef6653f7d0d,eb7f6789399039f26e8ef64ef44c085d
6320ed1ad539a71f05b99ef6653f7d0d,005d664f1beee826ebd68f44531f15d1
6320ed1ad539a71f05b99ef6653f7d0d,7e59a09ecaaabb4a7b601494a7660f42
6320ed1ad539a71f05b99ef6653f7d0d,08fbd6986c5ed5e61991fa67b353bef0
6320ed1ad539a71f05b99ef6653f7d0d,ba723a3ee4f4d88639cb88700b4ee69e
6320ed1ad539a71f05b99ef6653f7d0d,ffca94790903b17e33354a52a6344c8d
6320ed1ad539a71f05b99ef6653f7d0d,94d143795247d734e8ba130a79f4b3a0
6320ed1ad539a71f05b99ef6653f7d0d,6d2ba1e65467d87f9ebdd57d19678b53
6320ed1ad539a71f05b99ef6653f7d0d,b6f8e7e7c908b1ac73f1d998bd1e9541
6320ed1ad539a71f05b99ef6653f7d0d,9ec4b371424e277a1da53132b369fa84
6320ed1ad539a71f05b99ef6653f7d0d,9e63b94018cefd581fb1722322287bae
6320ed1ad539a71f05b99ef6653f7d0d,d11f40445eed3ad2157b8fe424a40eda
6320ed1ad539a71f05b99ef6653f7d0d,55ebcbe731c414af2a4bd8cce1e026c9
6320ed1ad539a71f05b99ef6653f7d0d,25cc76e41f643548a37a7c6c833e9662
6320ed1ad539a71f05b99ef6653f7d0d,dad8f5e4f8a50c171be7b3ae7bf3935c
6320ed1ad539a71f05b99ef6653f7d0d,a56f0f6c3bb63588fd30743a5051a4c4
6320ed1ad539a71f05b99ef6653f7d0d,199b2556798d45e4881be8c93a437bc6
ff8f37e965683b1bae07a9674416ddf8,31be86322ecac384c86d8a21d369dcdf
ff8f37e965683b1bae07a9674416ddf8,758704cad9f2a5af0cdce95342a589e1
da03b1c3108e22d983c2fba58de4212a,ace4bf624a7956c024c1e72e73117c72
da03b1c3108e22d983c2fba58de4212a,9e63b94018cefd581fb1722322287bae
da03b1c3108e22d983c2fba58de4212a,d11f40445eed3ad2157b8fe424a40eda
da03b1c3108e22d983c2fba58de4212a,c74243f128a90a52d5c348d9bdfeb1e8
da03b1c3108e22d983c2fba58de4212a,58024cfe2c34fe73790f7d637d8bfea2
da03b1c3108e22d983c2fba58de4212a,08fbd6986c5ed5e61991fa67b353bef0
da03b1c3108e22d983c2fba58de4212a,19f5e0d38bf1e10b1ff130be4d54c87d
da03b1c3108e22d983c2fba58de4212a,26ccb4b30e97c07b9e6d62f4dde3aaf7
da03b1c3108e22d983c2fba58de4212a,ba723a3ee4f4d88639cb88700b4ee69e
ab27b35b19960056fc53e1ee1513b7f4,43c34bc019571111bc647657e5ced7bb
ab27b35b19960056fc53e1ee1513b7f4,46d28fd1e01b2a53250c571bfb4238ae
ab27b35b19960056fc53e1ee1513b7f4,c39d937a9cc6e8a5cdbfdbc1aa89df4b
ab27b35b19960056fc53e1ee1513b7f4,58024cfe2c34fe73790f7d637d8bfea2
ab27b35b19960056fc53e1ee1513b7f4,e2d1086f8da17ffeeead20d26ac7b4cc
35f37d5eb96d0ee13c4d022af1cd4bd3,5114da651b79a7b59f9fc90c345d2310
35f37d5eb96d0ee13c4d022af1cd4bd3,9e63b94018cefd581fb1722322287bae
35f37d5eb96d0ee13c4d022af1cd4bd3,e2d1086f8da17ffeeead20d26ac7b4cc
8e944d9626c51338d4f977ce08a1d4ce,4410582a99a94b633f720ae23e63b7b1
8e944d9626c51338d4f977ce08a1d4ce,9ec4b371424e277a1da53132b369fa84
8e944d9626c51338d4f977ce08a1d4ce,9e9587dda3d5ef766756b7cfaa5aec10
8e944d9626c51338d4f977ce08a1d4ce,d64b626aa6c0f67d3239afa278788b65
8e944d9626c51338d4f977ce08a1d4ce,a14387d908c96a14ffa4538802ef9e11
8e944d9626c51338d4f977ce08a1d4ce,08fbd6986c5ed5e61991fa67b353bef0
8e944d9626c51338d4f977ce08a1d4ce,9cf537c025e9436f838f727a0806a226
8e944d9626c51338d4f977ce08a1d4ce,a56f0f6c3bb63588fd30743a5051a4c4
0b8344ab5f869c6930357cf94ffea933,1f0ed55e61d6624a0cf331e22b44e168
0b8344ab5f869c6930357cf94ffea933,343a99d8a4df82cd25b0b29164c9955d
dd07bd513287206756487620aa627f9d,4733945983a98492c52e77f1d37f141f
dd07bd513287206756487620aa627f9d,6b77456f58502c1b52d5a752cfae4477
dd07bd513287206756487620aa627f9d,65e110858cf35fa45bcce149f26417af
8b606b432858102671da97ca2c6b6a54,43c34bc019571111bc647657e5ced7bb
1833fe37d84e2a629f47abab961eea8d,6b77456f58502c1b52d5a752cfae4477
1833fe37d84e2a629f47abab961eea8d,f7d6f32abd3bba7ed71b2bc0a242e5f1
1833fe37d84e2a629f47abab961eea8d,65e110858cf35fa45bcce149f26417af
c74243f128a90a52d5c348d9bdfeb1e8,4410582a99a94b633f720ae23e63b7b1
c74243f128a90a52d5c348d9bdfeb1e8,d1c7fec78e30b28fe4e245fa5aa33397
c74243f128a90a52d5c348d9bdfeb1e8,ace4bf624a7956c024c1e72e73117c72
c74243f128a90a52d5c348d9bdfeb1e8,9e9587dda3d5ef766756b7cfaa5aec10
c74243f128a90a52d5c348d9bdfeb1e8,a14387d908c96a14ffa4538802ef9e11
c74243f128a90a52d5c348d9bdfeb1e8,ba723a3ee4f4d88639cb88700b4ee69e
c74243f128a90a52d5c348d9bdfeb1e8,fc1b81658a85859aa160e5528d9f9984
c74243f128a90a52d5c348d9bdfeb1e8,f7d6f32abd3bba7ed71b2bc0a242e5f1
c74243f128a90a52d5c348d9bdfeb1e8,d11f40445eed3ad2157b8fe424a40eda
c74243f128a90a52d5c348d9bdfeb1e8,55ebcbe731c414af2a4bd8cce1e026c9
c74243f128a90a52d5c348d9bdfeb1e8,dad8f5e4f8a50c171be7b3ae7bf3935c
c74243f128a90a52d5c348d9bdfeb1e8,19f5e0d38bf1e10b1ff130be4d54c87d
c74243f128a90a52d5c348d9bdfeb1e8,a56f0f6c3bb63588fd30743a5051a4c4
c74243f128a90a52d5c348d9bdfeb1e8,e4b63e10156743d224c17879216ba51b
91e276e80ba32e7e1bd0c9908e80f6ae,65e110858cf35fa45bcce149f26417af
91e276e80ba32e7e1bd0c9908e80f6ae,6b77456f58502c1b52d5a752cfae4477
91e276e80ba32e7e1bd0c9908e80f6ae,789b13fe920331aa04f1327dd1813f2a
91e276e80ba32e7e1bd0c9908e80f6ae,4ca6c8c3d448cf869e17516d4c4649e6
b37d98a231541c8841575cab49bd32d8,d11f40445eed3ad2157b8fe424a40eda
b37d98a231541c8841575cab49bd32d8,ba723a3ee4f4d88639cb88700b4ee69e
b37d98a231541c8841575cab49bd32d8,ace4bf624a7956c024c1e72e73117c72
6acc0e1c7345617e4cb107dc96bfd919,6b77456f58502c1b52d5a752cfae4477
6acc0e1c7345617e4cb107dc96bfd919,43c34bc019571111bc647657e5ced7bb
6acc0e1c7345617e4cb107dc96bfd919,343a99d8a4df82cd25b0b29164c9955d
d1bf593365c9020223b65f4a2519546e,6160383ab3193d421ec9310970f4b424
d1bf593365c9020223b65f4a2519546e,e1d68a67413cbaa3fe034d46dc60722f
d1bf593365c9020223b65f4a2519546e,46d28fd1e01b2a53250c571bfb4238ae
d1bf593365c9020223b65f4a2519546e,c27692934ff6672307c541c723b4b12c
65e110858cf35fa45bcce149f26417af,6d2ba1e65467d87f9ebdd57d19678b53
65e110858cf35fa45bcce149f26417af,5c67a533030235009bfd1997275c770e
65e110858cf35fa45bcce149f26417af,d8621b4d0f3d1fe1d82b293083e1ba09
65e110858cf35fa45bcce149f26417af,6b77456f58502c1b52d5a752cfae4477
05b12e47a74ee9caafcb518376af91a8,4733945983a98492c52e77f1d37f141f
05b12e47a74ee9caafcb518376af91a8,6b77456f58502c1b52d5a752cfae4477
05b12e47a74ee9caafcb518376af91a8,758704cad9f2a5af0cdce95342a589e1
05b12e47a74ee9caafcb518376af91a8,6532000a9234e73fbcea8e334335475b
05b12e47a74ee9caafcb518376af91a8,789b13fe920331aa04f1327dd1813f2a
05b12e47a74ee9caafcb518376af91a8,4ca6c8c3d448cf869e17516d4c4649e6
6160383ab3193d421ec9310970f4b424,46d28fd1e01b2a53250c571bfb4238ae
6160383ab3193d421ec9310970f4b424,f54a1182da49c6a4ef41adfee18a47eb
6160383ab3193d421ec9310970f4b424,e1d68a67413cbaa3fe034d46dc60722f
6160383ab3193d421ec9310970f4b424,ad70c3b0f226c0329f9e358dd9960301
6160383ab3193d421ec9310970f4b424,c27692934ff6672307c541c723b4b12c
85dc7a3e6a161f4200ed4d16c464e9d1,d11f40445eed3ad2157b8fe424a40eda
85dc7a3e6a161f4200ed4d16c464e9d1,fc1b81658a85859aa160e5528d9f9984
19f5e0d38bf1e10b1ff130be4d54c87d,baccdddcfa6ee52487319546fc2bd291
9048a7bb7d255de46d9bcaacea5aed91,d11f40445eed3ad2157b8fe424a40eda
9048a7bb7d255de46d9bcaacea5aed91,ba723a3ee4f4d88639cb88700b4ee69e
360c1c1bef31d20bdc097282c7ee6506,f54a1182da49c6a4ef41adfee18a47eb
360c1c1bef31d20bdc097282c7ee6506,005d664f1beee826ebd68f44531f15d1
c27692934ff6672307c541c723b4b12c,47a84a3b48f6ec045b7127b67c460c06
c27692934ff6672307c541c723b4b12c,d1c7fec78e30b28fe4e245fa5aa33397
c27692934ff6672307c541c723b4b12c,bdd2ce98ab1ab84110c36de330ef634b
c27692934ff6672307c541c723b4b12c,44a66d8b56af35ad212e121d01d08c3d
c27692934ff6672307c541c723b4b12c,46d28fd1e01b2a53250c571bfb4238ae
c27692934ff6672307c541c723b4b12c,f54a1182da49c6a4ef41adfee18a47eb
c27692934ff6672307c541c723b4b12c,41a94af518202338e78bacd58176c398
c27692934ff6672307c541c723b4b12c,6d2ba1e65467d87f9ebdd57d19678b53
c27692934ff6672307c541c723b4b12c,e1d68a67413cbaa3fe034d46dc60722f
c27692934ff6672307c541c723b4b12c,458809834d2309f0658c2518986b766a
c27692934ff6672307c541c723b4b12c,dad8f5e4f8a50c171be7b3ae7bf3935c
52b2b0e25aaaebbe60169a726ec9b18c,c40b29d365a11a5ca863d837868f3f63
52b2b0e25aaaebbe60169a726ec9b18c,343a99d8a4df82cd25b0b29164c9955d
52b2b0e25aaaebbe60169a726ec9b18c,199b2556798d45e4881be8c93a437bc6
4733945983a98492c52e77f1d37f141f,942559bc2dad0276a92d80c77d2c03f9
4733945983a98492c52e77f1d37f141f,d662cac29640b3d03910c857e1b1daad
4733945983a98492c52e77f1d37f141f,789b13fe920331aa04f1327dd1813f2a
4733945983a98492c52e77f1d37f141f,f40328ffed910c0036e5ed7c6288d30a
4733945983a98492c52e77f1d37f141f,4ca6c8c3d448cf869e17516d4c4649e6
121b11a886de9f98cfb9c14db96bb368,6b77456f58502c1b52d5a752cfae4477
6f13f99b35ac294a08c7f7d461bece91,c39d937a9cc6e8a5cdbfdbc1aa89df4b
47a84a3b48f6ec045b7127b67c460c06,46d28fd1e01b2a53250c571bfb4238ae
4410582a99a94b633f720ae23e63b7b1,d11f40445eed3ad2157b8fe424a40eda
4410582a99a94b633f720ae23e63b7b1,ace4bf624a7956c024c1e72e73117c72
4410582a99a94b633f720ae23e63b7b1,f7d6f32abd3bba7ed71b2bc0a242e5f1
4410582a99a94b633f720ae23e63b7b1,9ec4b371424e277a1da53132b369fa84
d1c7fec78e30b28fe4e245fa5aa33397,d11f40445eed3ad2157b8fe424a40eda
d1c7fec78e30b28fe4e245fa5aa33397,08fbd6986c5ed5e61991fa67b353bef0
d1c7fec78e30b28fe4e245fa5aa33397,e1d68a67413cbaa3fe034d46dc60722f
d1c7fec78e30b28fe4e245fa5aa33397,46d28fd1e01b2a53250c571bfb4238ae
d1c7fec78e30b28fe4e245fa5aa33397,c40b29d365a11a5ca863d837868f3f63
d1c7fec78e30b28fe4e245fa5aa33397,199b2556798d45e4881be8c93a437bc6
d1c7fec78e30b28fe4e245fa5aa33397,ba723a3ee4f4d88639cb88700b4ee69e
bdd2ce98ab1ab84110c36de330ef634b,46d28fd1e01b2a53250c571bfb4238ae
bdd2ce98ab1ab84110c36de330ef634b,e1d68a67413cbaa3fe034d46dc60722f
de7570a7e6d1db2b1c33399a352df9bc,014ffa74ffa4b8e5f330d5f7d5110359
88a7cfed118c6fa7fc51b327ef918bd8,baccdddcfa6ee52487319546fc2bd291
7026f7d3311f42c0ab07987859f0d3fc,758704cad9f2a5af0cdce95342a589e1
44a66d8b56af35ad212e121d01d08c3d,43c34bc019571111bc647657e5ced7bb
44a66d8b56af35ad212e121d01d08c3d,e1d68a67413cbaa3fe034d46dc60722f
44a66d8b56af35ad212e121d01d08c3d,f7d6f32abd3bba7ed71b2bc0a242e5f1
44a66d8b56af35ad212e121d01d08c3d,46d28fd1e01b2a53250c571bfb4238ae
44a66d8b56af35ad212e121d01d08c3d,c40b29d365a11a5ca863d837868f3f63
44a66d8b56af35ad212e121d01d08c3d,d11f40445eed3ad2157b8fe424a40eda
44a66d8b56af35ad212e121d01d08c3d,e2d1086f8da17ffeeead20d26ac7b4cc
43c34bc019571111bc647657e5ced7bb,eb1002603a8ca96b96127c9a1644d286
43c34bc019571111bc647657e5ced7bb,d8251922ed407fb77b96c58056b8b62d
43c34bc019571111bc647657e5ced7bb,d8621b4d0f3d1fe1d82b293083e1ba09
43c34bc019571111bc647657e5ced7bb,c39d937a9cc6e8a5cdbfdbc1aa89df4b
43c34bc019571111bc647657e5ced7bb,a583bee71271f990ec3c663e9f8ea301
43c34bc019571111bc647657e5ced7bb,942559bc2dad0276a92d80c77d2c03f9
43c34bc019571111bc647657e5ced7bb,fc1b81658a85859aa160e5528d9f9984
43c34bc019571111bc647657e5ced7bb,5c67a533030235009bfd1997275c770e
43c34bc019571111bc647657e5ced7bb,9ec4b371424e277a1da53132b369fa84
43c34bc019571111bc647657e5ced7bb,041e5704e97f7a584625d8adfb5da81d
43c34bc019571111bc647657e5ced7bb,e2d1086f8da17ffeeead20d26ac7b4cc
ace4bf624a7956c024c1e72e73117c72,9e9587dda3d5ef766756b7cfaa5aec10
ace4bf624a7956c024c1e72e73117c72,d11f40445eed3ad2157b8fe424a40eda
ace4bf624a7956c024c1e72e73117c72,55ebcbe731c414af2a4bd8cce1e026c9
ace4bf624a7956c024c1e72e73117c72,25cc76e41f643548a37a7c6c833e9662
ace4bf624a7956c024c1e72e73117c72,a56f0f6c3bb63588fd30743a5051a4c4
ace4bf624a7956c024c1e72e73117c72,ba723a3ee4f4d88639cb88700b4ee69e
7da5f7860e7ae923408302ce6107b4a8,46d28fd1e01b2a53250c571bfb4238ae
7da5f7860e7ae923408302ce6107b4a8,343a99d8a4df82cd25b0b29164c9955d
6532000a9234e73fbcea8e334335475b,ef0f1155a59e37e29cc14f42ce7e61a2
6532000a9234e73fbcea8e334335475b,d662cac29640b3d03910c857e1b1daad
6532000a9234e73fbcea8e334335475b,d8621b4d0f3d1fe1d82b293083e1ba09
6532000a9234e73fbcea8e334335475b,4ca6c8c3d448cf869e17516d4c4649e6
6532000a9234e73fbcea8e334335475b,6de4fdda1cf594d452e5cdd72e9cc833
6532000a9234e73fbcea8e334335475b,6b77456f58502c1b52d5a752cfae4477
6532000a9234e73fbcea8e334335475b,789b13fe920331aa04f1327dd1813f2a
6532000a9234e73fbcea8e334335475b,758704cad9f2a5af0cdce95342a589e1
46d28fd1e01b2a53250c571bfb4238ae,f54a1182da49c6a4ef41adfee18a47eb
46d28fd1e01b2a53250c571bfb4238ae,005d664f1beee826ebd68f44531f15d1
46d28fd1e01b2a53250c571bfb4238ae,6d2ba1e65467d87f9ebdd57d19678b53
46d28fd1e01b2a53250c571bfb4238ae,e1d68a67413cbaa3fe034d46dc60722f
46d28fd1e01b2a53250c571bfb4238ae,014ffa74ffa4b8e5f330d5f7d5110359
46d28fd1e01b2a53250c571bfb4238ae,c40b29d365a11a5ca863d837868f3f63
46d28fd1e01b2a53250c571bfb4238ae,458809834d2309f0658c2518986b766a
9e9587dda3d5ef766756b7cfaa5aec10,d11f40445eed3ad2157b8fe424a40eda
9e9587dda3d5ef766756b7cfaa5aec10,9cf537c025e9436f838f727a0806a226
9e9587dda3d5ef766756b7cfaa5aec10,c40b29d365a11a5ca863d837868f3f63
9e9587dda3d5ef766756b7cfaa5aec10,9e63b94018cefd581fb1722322287bae
9e9587dda3d5ef766756b7cfaa5aec10,26ccb4b30e97c07b9e6d62f4dde3aaf7
f54a1182da49c6a4ef41adfee18a47eb,e1d68a67413cbaa3fe034d46dc60722f
f54a1182da49c6a4ef41adfee18a47eb,58024cfe2c34fe73790f7d637d8bfea2
93f4ad61dd66df858367779d0119c313,f7d6f32abd3bba7ed71b2bc0a242e5f1
fb7d1fdc3dfae01640a920140ea1c99c,f7d6f32abd3bba7ed71b2bc0a242e5f1
b86620292038315f81fcf11668af485b,758704cad9f2a5af0cdce95342a589e1
b86620292038315f81fcf11668af485b,426ba3112abc3c4c1801e9371ae50395
b86620292038315f81fcf11668af485b,ef0f1155a59e37e29cc14f42ce7e61a2
eb7f6789399039f26e8ef64ef44c085d,d11f40445eed3ad2157b8fe424a40eda
eb7f6789399039f26e8ef64ef44c085d,9cf537c025e9436f838f727a0806a226
eb7f6789399039f26e8ef64ef44c085d,c40b29d365a11a5ca863d837868f3f63
41a94af518202338e78bacd58176c398,e1d68a67413cbaa3fe034d46dc60722f
a14387d908c96a14ffa4538802ef9e11,9e63b94018cefd581fb1722322287bae
a14387d908c96a14ffa4538802ef9e11,e2d1086f8da17ffeeead20d26ac7b4cc
7e59a09ecaaabb4a7b601494a7660f42,08fbd6986c5ed5e61991fa67b353bef0
7e59a09ecaaabb4a7b601494a7660f42,9cf537c025e9436f838f727a0806a226
7e59a09ecaaabb4a7b601494a7660f42,b6f8e7e7c908b1ac73f1d998bd1e9541
005d664f1beee826ebd68f44531f15d1,c39d937a9cc6e8a5cdbfdbc1aa89df4b
005d664f1beee826ebd68f44531f15d1,9ec4b371424e277a1da53132b369fa84
005d664f1beee826ebd68f44531f15d1,c40b29d365a11a5ca863d837868f3f63
005d664f1beee826ebd68f44531f15d1,58024cfe2c34fe73790f7d637d8bfea2
005d664f1beee826ebd68f44531f15d1,199b2556798d45e4881be8c93a437bc6
005d664f1beee826ebd68f44531f15d1,ba723a3ee4f4d88639cb88700b4ee69e
339ffe8e8777baefbfadc0e1ebc1fdb6,e1d68a67413cbaa3fe034d46dc60722f
339ffe8e8777baefbfadc0e1ebc1fdb6,343a99d8a4df82cd25b0b29164c9955d
ef0f1155a59e37e29cc14f42ce7e61a2,9874cfc0e055e5457e008e28e5adf96f
ef0f1155a59e37e29cc14f42ce7e61a2,31be86322ecac384c86d8a21d369dcdf
ef0f1155a59e37e29cc14f42ce7e61a2,758704cad9f2a5af0cdce95342a589e1
5114da651b79a7b59f9fc90c345d2310,9cf537c025e9436f838f727a0806a226
5114da651b79a7b59f9fc90c345d2310,26ccb4b30e97c07b9e6d62f4dde3aaf7
af4c1e05195d0b3a7c40cd8ba91a63ce,6b77456f58502c1b52d5a752cfae4477
af4c1e05195d0b3a7c40cd8ba91a63ce,789b13fe920331aa04f1327dd1813f2a
08fbd6986c5ed5e61991fa67b353bef0,b6f8e7e7c908b1ac73f1d998bd1e9541
08fbd6986c5ed5e61991fa67b353bef0,a56f0f6c3bb63588fd30743a5051a4c4
d8621b4d0f3d1fe1d82b293083e1ba09,6b77456f58502c1b52d5a752cfae4477
d8621b4d0f3d1fe1d82b293083e1ba09,f7d6f32abd3bba7ed71b2bc0a242e5f1
d8621b4d0f3d1fe1d82b293083e1ba09,789b13fe920331aa04f1327dd1813f2a
d8621b4d0f3d1fe1d82b293083e1ba09,758704cad9f2a5af0cdce95342a589e1
95a234b085734c3533e56e1e60b495b2,baccdddcfa6ee52487319546fc2bd291
ba723a3ee4f4d88639cb88700b4ee69e,9e63b94018cefd581fb1722322287bae
ba723a3ee4f4d88639cb88700b4ee69e,d11f40445eed3ad2157b8fe424a40eda
ba723a3ee4f4d88639cb88700b4ee69e,25cc76e41f643548a37a7c6c833e9662
ba723a3ee4f4d88639cb88700b4ee69e,dad8f5e4f8a50c171be7b3ae7bf3935c
ba723a3ee4f4d88639cb88700b4ee69e,9cf537c025e9436f838f727a0806a226
ba723a3ee4f4d88639cb88700b4ee69e,a56f0f6c3bb63588fd30743a5051a4c4
4ca6c8c3d448cf869e17516d4c4649e6,530c64e762585bf2a5687f2a09c39e69
d52281afde4e4373b808b8d7e57c4f4f,343a99d8a4df82cd25b0b29164c9955d
c39d937a9cc6e8a5cdbfdbc1aa89df4b,fc1b81658a85859aa160e5528d9f9984
c39d937a9cc6e8a5cdbfdbc1aa89df4b,041e5704e97f7a584625d8adfb5da81d
c39d937a9cc6e8a5cdbfdbc1aa89df4b,58024cfe2c34fe73790f7d637d8bfea2
a583bee71271f990ec3c663e9f8ea301,426ba3112abc3c4c1801e9371ae50395
942559bc2dad0276a92d80c77d2c03f9,6b77456f58502c1b52d5a752cfae4477
942559bc2dad0276a92d80c77d2c03f9,f7d6f32abd3bba7ed71b2bc0a242e5f1
baccdddcfa6ee52487319546fc2bd291,c995cd1dc63bc8f078917a82a92c663c
baccdddcfa6ee52487319546fc2bd291,e2d1086f8da17ffeeead20d26ac7b4cc
6d2ba1e65467d87f9ebdd57d19678b53,58024cfe2c34fe73790f7d637d8bfea2
6d2ba1e65467d87f9ebdd57d19678b53,e1d68a67413cbaa3fe034d46dc60722f
fc1b81658a85859aa160e5528d9f9984,c40b29d365a11a5ca863d837868f3f63
fc1b81658a85859aa160e5528d9f9984,d11f40445eed3ad2157b8fe424a40eda
fc1b81658a85859aa160e5528d9f9984,9cf537c025e9436f838f727a0806a226
6b77456f58502c1b52d5a752cfae4477,f7d6f32abd3bba7ed71b2bc0a242e5f1
6b77456f58502c1b52d5a752cfae4477,789b13fe920331aa04f1327dd1813f2a
31be86322ecac384c86d8a21d369dcdf,789b13fe920331aa04f1327dd1813f2a
31be86322ecac384c86d8a21d369dcdf,758704cad9f2a5af0cdce95342a589e1
e1d68a67413cbaa3fe034d46dc60722f,c40b29d365a11a5ca863d837868f3f63
e1d68a67413cbaa3fe034d46dc60722f,6e1cbf34d1915336f5e5f8195952c9ac
f7d6f32abd3bba7ed71b2bc0a242e5f1,014ffa74ffa4b8e5f330d5f7d5110359
f7d6f32abd3bba7ed71b2bc0a242e5f1,9ec4b371424e277a1da53132b369fa84
f7d6f32abd3bba7ed71b2bc0a242e5f1,5c67a533030235009bfd1997275c770e
f7d6f32abd3bba7ed71b2bc0a242e5f1,d11f40445eed3ad2157b8fe424a40eda
f7d6f32abd3bba7ed71b2bc0a242e5f1,0c10599f62c93e4d80721e69e43c2b70
014ffa74ffa4b8e5f330d5f7d5110359,c40b29d365a11a5ca863d837868f3f63
9ec4b371424e277a1da53132b369fa84,d11f40445eed3ad2157b8fe424a40eda
9ec4b371424e277a1da53132b369fa84,58024cfe2c34fe73790f7d637d8bfea2
9ec4b371424e277a1da53132b369fa84,dad8f5e4f8a50c171be7b3ae7bf3935c
9ec4b371424e277a1da53132b369fa84,a56f0f6c3bb63588fd30743a5051a4c4
789b13fe920331aa04f1327dd1813f2a,530c64e762585bf2a5687f2a09c39e69
5c67a533030235009bfd1997275c770e,758704cad9f2a5af0cdce95342a589e1
5c67a533030235009bfd1997275c770e,426ba3112abc3c4c1801e9371ae50395
7b04683dee927fad082e577321b52aa2,9e63b94018cefd581fb1722322287bae
c40b29d365a11a5ca863d837868f3f63,9cf537c025e9436f838f727a0806a226
c40b29d365a11a5ca863d837868f3f63,26ccb4b30e97c07b9e6d62f4dde3aaf7
9e63b94018cefd581fb1722322287bae,155b7ed16a82ee6decc6513ab02b32c4
041e5704e97f7a584625d8adfb5da81d,d11f40445eed3ad2157b8fe424a40eda
041e5704e97f7a584625d8adfb5da81d,426ba3112abc3c4c1801e9371ae50395
343a99d8a4df82cd25b0b29164c9955d,0e1f319adc5cb61108fb7169bc333e09
d11f40445eed3ad2157b8fe424a40eda,55ebcbe731c414af2a4bd8cce1e026c9
d11f40445eed3ad2157b8fe424a40eda,dad8f5e4f8a50c171be7b3ae7bf3935c
d11f40445eed3ad2157b8fe424a40eda,a56f0f6c3bb63588fd30743a5051a4c4
58024cfe2c34fe73790f7d637d8bfea2,155b7ed16a82ee6decc6513ab02b32c4
58024cfe2c34fe73790f7d637d8bfea2,b2a494050a48588d211e36cf1a9ae58d
dad8f5e4f8a50c171be7b3ae7bf3935c,9cf537c025e9436f838f727a0806a226
9cf537c025e9436f838f727a0806a226,e855e12ae18ced3b38f544d34fcc3608
62096ec364012e718657448f6f38c4d4,758704cad9f2a5af0cdce95342a589e1
